Target,Feature,Importance
Z01_T,time,0.04243068373100787
Z01_T,-time,0.02930001851667548
Z01_T,Z03_T,0.020362809889017622
Z01_T,Ext_P,0.01917849315843632
Z01_T,-Ext_P,0.019140739974895588
Z01_T,P2_T_Thermostat_sp_out,0.018850736768457183
Z01_T,Z05_E_Appl,0.018527413608298845
Z01_T,Z03_E_Appl,0.016747877407826926
Z01_T,-Z01_RH,0.01574169084537724
Z01_T,-Bd_FracCh_Bat,0.015065981108592592
Z01_T,-Z08_RH,0.014147951827354432
Z01_T,Z03_RH,0.013982623894148668
Z01_T,Ext_T,0.013512711094892318
Z01_T,Z05_T,0.013487506928859807
Z01_T,-Z07_E_Appl,0.013469000514591255
Z01_T,-Bd_Pw_Bat_sp_out,0.013397127074103583
Z01_T,Fa_E_HVAC,0.013188976882307154
Z01_T,-Z02_T,0.012798792910836127
Z01_T,Z07_RH,0.012754441963003007
Z01_T,-P4_T_Tank_sp_out,0.012747620466026661
Z01_T,Z01_T,0.01188958428128596
Z01_T,-Z01_E_Appl,0.011626155370752235
Z01_T,Z04_T,0.011289534800168526
Z01_T,-P1_T_Tank_sp_out,0.011076119563693601
Z01_T,-Z07_RH,0.010018690224058793
Z01_T,Bd_T_HP_return,0.009835442154448518
Z01_T,-Fa_Pw_All,0.009362493372780636
Z01_T,-Fa_E_Appl,0.008830406386402678
Z01_T,-HVAC_onoff_HP,0.00867265105855231
Z01_T,Z02_RH,0.008657199526451637
Z01_T,-P2_T_Tank_sp_out,0.008461953234238968
Z01_T,-P3_FlFrac_HW,0.00816668054227529
Z01_T,Z04_RH,0.00816510429999589
Z01_T,Fa_EDCh_Bat,0.008095734882757324
Z01_T,-Z06_RH,0.007870763096148477
Z01_T,-Fa_EDCh_Bat,0.00787067458242132
Z01_T,Bd_T_HP_supply,0.007665072137559278
Z01_T,-Z05_RH,0.007389503980867981
Z01_T,-P3_T_Tank,0.0067294027383372965
Z01_T,Bd_DisCh_EVBat,0.0065733638133816125
Z01_T,-P3_T_Tank_sp_out,0.006407710842916276
Z01_T,P1_T_Thermostat_sp_out,0.005654039047182008
Z01_T,Fa_ECh_Bat,0.0056517433458353255
Z01_T,Z06_T,0.005552328677083062
Z01_T,Ext_RH,0.0052220175613873435
Z01_T,-Bd_T_HP_return,0.005217652263735937
Z01_T,-Fa_E_HVAC,0.005174199383948692
Z01_T,P1_T_Tank_sp_out,0.005146331627316405
Z01_T,-Bd_T_HP_sp_out,0.005114336252831072
Z01_T,P2_T_Tank_sp_out,0.005114074378890374
Z01_T,P3_T_Tank_sp_out,0.005074208186302936
Z01_T,Z05_RH,0.005066722492171525
Z01_T,Fa_E_self,0.004980199184491205
Z01_T,-P1_T_Tank,0.0049784877314102745
Z01_T,P4_T_Tank_sp_out,0.00493960137226175
Z01_T,Z07_T,0.00472606916928965
Z01_T,-P4_T_Tank,0.004617312770478085
Z01_T,Bd_Pw_Bat_sp_out,0.0046127767340929495
Z01_T,Z02_T,0.004603345203725967
Z01_T,P3_FlFrac_HW,0.004499195428294032
Z01_T,Z08_RH,0.004352764570296612
Z01_T,HVAC_onoff_HP,0.004341994619872452
Z01_T,P2_T_Tank,0.004262500385892577
Z01_T,Z08_T,0.004111277650303445
Z01_T,-Fa_E_All,0.004101625689653529
Z01_T,-Fa_Pw_Prod,0.0040833159954169656
Z01_T,Fa_Pw_All,0.003741875178550292
Z01_T,-Ext_T,0.0036501869777920432
Z01_T,-Fa_E_self,0.0035075995957470126
Z01_T,-Fa_E_Light,0.00341860945598259
Z01_T,Bd_E_HW,0.0032305172852832697
Z01_T,-Z03_E_Appl,0.0031751051446960218
Z01_T,Fa_E_Appl,0.0031531134755413874
Z01_T,P4_FlFrac_HW,0.0030404041849836838
Z01_T,Z01_E_Appl,0.002916004465818451
Z01_T,Z06_RH,0.0027525698601001012
Z01_T,-Fa_ECh_Bat,0.0027464082392131346
Z01_T,HVAC_Pw_HP,0.0027311706897970005
Z01_T,P4_T_Thermostat_sp_out,0.002705040356613278
Z01_T,P2_FlFrac_HW,0.00269229712827172
Z01_T,-Bd_DisCh_EVBat,0.0025900564905564694
Z01_T,-Bd_E_HW,0.0025047118335410315
Z01_T,Z07_E_Appl,0.002304740768174973
Z01_T,Bd_Fl_HP,0.00229637947098093
Z01_T,-Z05_E_Appl,0.002204385209121165
Z01_T,-P2_T_Tank,0.002034710804914481
Z01_T,P3_T_Thermostat_sp_out,0.0018146460742191853
Z01_T,-Bd_Fl_HP,0.0017262157139569987
Z01_T,Ext_Irr,0.0016010341204569446
Z01_T,Fa_Pw_Prod,0.0015984157966861404
Z01_T,-P3_T_Thermostat_sp_out,0.00158665817619858
Z01_T,Bd_FracCh_Bat,0.0015858876118279483
Z01_T,P1_FlFrac_HW,0.0015179835139110744
Z01_T,-Ext_RH,0.0015169561879540083
Z01_T,-P1_FlFrac_HW,0.0014918850205530277
Z01_T,Bd_T_HP_sp_out,0.0014572492819164705
Z01_T,-HVAC_Pw_HP,0.001432244223680489
Z01_T,-P1_T_Thermostat_sp_out,0.0014243692095072219
Z01_T,-Ext_Irr,0.001403822020790426
Z01_T,Fa_E_Light,0.0013501499553057045
Z01_T,-P4_T_Thermostat_sp_out,0.0010881480264152569
Z01_T,P3_T_Tank,0.0010058824647526826
Z01_T,-P4_FlFrac_HW,0.0007948078666487409
Z01_T,-Z04_RH,0.0007455320264719962
Z01_T,P1_T_Tank,0.0007420964948993852
Z01_T,-Z04_T,0.0007342863333798774
Z01_T,-Z03_T,0.0007337400605465016
Z01_T,P4_T_Tank,0.0007229787120312246
Z01_T,-Bd_T_HP_supply,0.0007225563839419508
Z01_T,-P2_FlFrac_HW,0.0006664678521098621
Z01_T,-P2_T_Thermostat_sp_out,0.0006418111380182765
Z01_T,-Z08_T,0.000640931601238799
Z01_T,-Z03_RH,0.0005470923877817708
Z01_T,-Z02_RH,0.0005316025744968724
Z01_T,-Z07_T,0.0005122267323400372
Z01_T,-Z06_T,0.0005023570916685373
Z01_T,Fa_E_All,0.00036568284954128637
Z01_T,Z01_RH,0.00027392500128234587
Z01_T,-Z05_T,0.00021107553053549796
Z01_T,-Z01_T,0.0001789965546200051
Z01_T,-Z08_E_Appl,0.0
Z01_T,-Z04_E_Appl,0.0
Z01_T,-Z06_E_Appl,0.0
Z01_T,Bd_Ch_EVBat_sp_out,0.0
Z01_T,-Z02_E_Appl,0.0
Z01_T,-Fa_Stat_EV,0.0
Z01_T,-Fa_EDCh_EVBat,0.0
Z01_T,-Fa_ECh_EVBat,0.0
Z01_T,-Bd_Frac_Vent_sp_out,0.0
Z01_T,-Bd_FracCh_EVBat,0.0
Z01_T,Z08_E_Appl,0.0
Z01_T,Z06_E_Appl,0.0
Z01_T,Z04_E_Appl,0.0
Z01_T,Z02_E_Appl,0.0
Z01_T,Fa_Stat_EV,0.0
Z01_T,Fa_EDCh_EVBat,0.0
Z01_T,Fa_ECh_EVBat,0.0
Z01_T,Bd_Frac_Vent_sp_out,0.0
Z01_T,Bd_FracCh_EVBat,0.0
Z01_T,-Bd_Ch_EVBat_sp_out,0.0
Z02_T,-Ext_P,0.04972476979801877
Z02_T,Ext_P,0.04437814710198072
Z02_T,time,0.035841014892403385
Z02_T,-time,0.03556879291214646
Z02_T,P1_T_Tank_sp_out,0.016278120238213505
Z02_T,HVAC_Pw_HP,0.015418590377431849
Z02_T,-P1_T_Tank_sp_out,0.015122530049585112
Z02_T,Z03_T,0.013222585169104229
Z02_T,Z07_T,0.013071155325467347
Z02_T,Z06_T,0.012280608908236915
Z02_T,Z02_T,0.011907413272213313
Z02_T,Bd_T_HP_sp_out,0.011447468054695778
Z02_T,Z05_RH,0.011329496096825431
Z02_T,Z08_T,0.010968063523054072
Z02_T,-HVAC_Pw_HP,0.010851086550246317
Z02_T,-Bd_DisCh_EVBat,0.010794021709418055
Z02_T,Bd_DisCh_EVBat,0.010684682202049857
Z02_T,-Fa_E_Light,0.01013097238057489
Z02_T,P2_T_Tank,0.009980586796774493
Z02_T,Z03_E_Appl,0.009970677052908833
Z02_T,Fa_E_Light,0.00967948542181575
Z02_T,-Z02_RH,0.00957168394329964
Z02_T,Z05_E_Appl,0.00944369948329801
Z02_T,-Bd_T_HP_sp_out,0.008502561632826042
Z02_T,-P3_FlFrac_HW,0.008393429153233802
Z02_T,-Fa_EDCh_Bat,0.008088269632308959
Z02_T,-P2_T_Tank,0.008037790801647461
Z02_T,Z01_RH,0.007748030242739535
Z02_T,-Z07_RH,0.007366981913255816
Z02_T,Fa_E_self,0.007244766513707754
Z02_T,P4_T_Tank,0.007210925201521855
Z02_T,Fa_ECh_Bat,0.007137751749138772
Z02_T,-Fa_ECh_Bat,0.006744656859506935
Z02_T,Bd_T_HP_return,0.006604434317405119
Z02_T,P4_FlFrac_HW,0.006182856444407623
Z02_T,-Z01_E_Appl,0.006092802326065376
Z02_T,-Z04_RH,0.005957809852553568
Z02_T,-Z05_E_Appl,0.005908836493163262
Z02_T,Ext_T,0.005747659802923282
Z02_T,-Z07_E_Appl,0.005736877223587371
Z02_T,-P3_T_Thermostat_sp_out,0.0057135665805141
Z02_T,-Z03_E_Appl,0.005579794325788519
Z02_T,Z04_T,0.005335212480587584
Z02_T,P2_FlFrac_HW,0.005221495583499748
Z02_T,P1_FlFrac_HW,0.0052140936109198385
Z02_T,-Bd_Pw_Bat_sp_out,0.005197943714811578
Z02_T,Ext_RH,0.005034933327183018
Z02_T,-Bd_FracCh_Bat,0.005017328760769263
Z02_T,Fa_EDCh_Bat,0.004999794414479421
Z02_T,P1_T_Thermostat_sp_out,0.004773113539514387
Z02_T,P3_T_Thermostat_sp_out,0.004719616369673505
Z02_T,-P2_T_Tank_sp_out,0.004186595661721117
Z02_T,P4_T_Thermostat_sp_out,0.003974311563363291
Z02_T,P2_T_Thermostat_sp_out,0.003772770711644735
Z02_T,-Fa_E_Appl,0.0035683682926620063
Z02_T,HVAC_onoff_HP,0.003531431094185733
Z02_T,-Fa_Pw_All,0.003509452886263844
Z02_T,-P2_FlFrac_HW,0.003359854649837262
Z02_T,-P4_T_Tank,0.0032458650800370704
Z02_T,Z05_T,0.0031818229582968273
Z02_T,-Bd_Fl_HP,0.003138660905912573
Z02_T,Z01_T,0.0031322286464064205
Z02_T,-P1_FlFrac_HW,0.0031230532713759276
Z02_T,-Bd_T_HP_return,0.00297349707307622
Z02_T,-Bd_T_HP_supply,0.0029326193422979834
Z02_T,-P1_T_Tank,0.0029012535946738366
Z02_T,Bd_E_HW,0.0026391493738128894
Z02_T,-HVAC_onoff_HP,0.0025743343476954464
Z02_T,Z04_RH,0.002557938934236726
Z02_T,-Bd_E_HW,0.002518282089072629
Z02_T,-Fa_E_self,0.002352543998010659
Z02_T,-P3_T_Tank,0.0023180502538013847
Z02_T,-Fa_E_All,0.002230544103755923
Z02_T,-Ext_RH,0.002008280617173186
Z02_T,Fa_Pw_Prod,0.0019822681999727802
Z02_T,-Ext_Irr,0.0019295148174551572
Z02_T,-Fa_E_HVAC,0.0018851114162656828
Z02_T,-P4_T_Tank_sp_out,0.0018651418067166105
Z02_T,Fa_Pw_All,0.0018056868988332358
Z02_T,-P3_T_Tank_sp_out,0.0017989736117817756
Z02_T,-Z03_T,0.0016570265614123953
Z02_T,-Z05_RH,0.001523227986787007
Z02_T,-Z06_RH,0.0013834851084131242
Z02_T,-Z03_RH,0.001218383016199443
Z02_T,Bd_Fl_HP,0.0009885874191958596
Z02_T,Z03_RH,0.0009322329924236312
Z02_T,-P4_FlFrac_HW,0.0008580720792187094
Z02_T,-Z07_T,0.0008536932399319707
Z02_T,Z07_RH,0.0008250501124208679
Z02_T,P1_T_Tank,0.0008049522871992693
Z02_T,-Z01_RH,0.0007769092668142442
Z02_T,-Z04_T,0.0007741791515589974
Z02_T,Fa_E_All,0.0007437017592844794
Z02_T,Bd_Pw_Bat_sp_out,0.000712923288931097
Z02_T,-Z01_T,0.0006019865742909173
Z02_T,-Ext_T,0.0005377424432183013
Z02_T,Ext_Irr,0.0005272099371240899
Z02_T,P3_T_Tank,0.0005268470021923081
Z02_T,P2_T_Tank_sp_out,0.0005245971099911279
Z02_T,Bd_FracCh_Bat,0.0005172329151302577
Z02_T,P3_T_Tank_sp_out,0.0004726824527404185
Z02_T,-Fa_Pw_Prod,0.00045472977052843133
Z02_T,-Z08_RH,0.00044726482901906195
Z02_T,P3_FlFrac_HW,0.0004463484556546639
Z02_T,-P1_T_Thermostat_sp_out,0.00044071972176334387
Z02_T,P4_T_Tank_sp_out,0.00040502099161049133
Z02_T,Bd_T_HP_supply,0.0003987979298729105
Z02_T,-P2_T_Thermostat_sp_out,0.0003187683818406256
Z02_T,Fa_E_HVAC,0.000303311163231026
Z02_T,Z06_RH,0.00030138006811110635
Z02_T,Z08_RH,0.0002895144308332589
Z02_T,-P4_T_Thermostat_sp_out,0.0002834083773740623
Z02_T,-Z06_T,0.0002808360737959564
Z02_T,-Z08_T,0.00026717172517646046
Z02_T,Z02_RH,0.0002628011244258948
Z02_T,Fa_E_Appl,0.0002580833792158381
Z02_T,-Z02_T,0.00022248033276824728
Z02_T,-Z05_T,0.00018734043765726964
Z02_T,Z01_E_Appl,0.00017986945963282305
Z02_T,Z07_E_Appl,0.00016737702866986454
Z02_T,-Z08_E_Appl,0.0
Z02_T,-Z04_E_Appl,0.0
Z02_T,-Z06_E_Appl,0.0
Z02_T,Bd_Ch_EVBat_sp_out,0.0
Z02_T,-Z02_E_Appl,0.0
Z02_T,-Fa_Stat_EV,0.0
Z02_T,-Fa_EDCh_EVBat,0.0
Z02_T,-Fa_ECh_EVBat,0.0
Z02_T,-Bd_Frac_Vent_sp_out,0.0
Z02_T,-Bd_FracCh_EVBat,0.0
Z02_T,Z08_E_Appl,0.0
Z02_T,Z06_E_Appl,0.0
Z02_T,Z04_E_Appl,0.0
Z02_T,Z02_E_Appl,0.0
Z02_T,Fa_Stat_EV,0.0
Z02_T,Fa_EDCh_EVBat,0.0
Z02_T,Fa_ECh_EVBat,0.0
Z02_T,Bd_Frac_Vent_sp_out,0.0
Z02_T,Bd_FracCh_EVBat,0.0
Z02_T,-Bd_Ch_EVBat_sp_out,0.0
Z03_T,-Ext_P,0.03535955675908463
Z03_T,Ext_P,0.027012651240416564
Z03_T,Z01_T,0.024728563352774457
Z03_T,time,0.024601509423597782
Z03_T,Z01_RH,0.020645172535195367
Z03_T,Z06_T,0.019652120444447568
Z03_T,Z02_T,0.017350832793607315
Z03_T,-Z07_E_Appl,0.015038923884230823
Z03_T,P2_T_Thermostat_sp_out,0.014292334656329599
Z03_T,P3_T_Tank,0.013363638941270236
Z03_T,-HVAC_onoff_HP,0.013293029994704398
Z03_T,-Bd_T_HP_return,0.012761415978467019
Z03_T,P2_T_Tank_sp_out,0.012754958384551368
Z03_T,-Z06_RH,0.012546251690917422
Z03_T,-P1_T_Thermostat_sp_out,0.012539597577435882
Z03_T,-P3_T_Tank_sp_out,0.011846149268961784
Z03_T,-Fa_E_All,0.010926989002576574
Z03_T,HVAC_onoff_HP,0.010872041038144792
Z03_T,-Z07_RH,0.010794782688236875
Z03_T,Z05_E_Appl,0.010758443621451437
Z03_T,-Bd_T_HP_sp_out,0.010645945162306282
Z03_T,Z07_E_Appl,0.010547110766330962
Z03_T,Fa_E_Appl,0.010369076202908877
Z03_T,Fa_E_HVAC,0.010296069848475744
Z03_T,-Z02_RH,0.010263777736600088
Z03_T,Z04_T,0.009776730025279802
Z03_T,-Z01_T,0.008958975000378384
Z03_T,-P1_T_Tank,0.00884786048418189
Z03_T,P3_T_Tank_sp_out,0.008842870634652812
Z03_T,-Z02_T,0.008772300515937123
Z03_T,Fa_Pw_Prod,0.008745934290370906
Z03_T,P4_T_Tank_sp_out,0.008742311258492034
Z03_T,Z03_T,0.00866274671060912
Z03_T,-HVAC_Pw_HP,0.008421385597773405
Z03_T,Ext_T,0.007712288321626984
Z03_T,-Bd_Pw_Bat_sp_out,0.007657674144597075
Z03_T,Bd_Fl_HP,0.0076040499320634385
Z03_T,Fa_ECh_Bat,0.007510701158693041
Z03_T,Z08_T,0.00739196258160889
Z03_T,-time,0.007337274853547933
Z03_T,-Ext_T,0.007101762204512161
Z03_T,-Fa_ECh_Bat,0.00706174701616131
Z03_T,Z07_T,0.006744807951800775
Z03_T,Z05_T,0.006739174374828348
Z03_T,-P1_T_Tank_sp_out,0.00653575155268087
Z03_T,P4_T_Tank,0.006475193231409787
Z03_T,Bd_T_HP_return,0.006470255323364425
Z03_T,P1_T_Tank_sp_out,0.0063897935420257805
Z03_T,-Ext_RH,0.0060698940343676755
Z03_T,-P2_T_Tank,0.0059725478298757045
Z03_T,Ext_RH,0.005903413096342332
Z03_T,Bd_T_HP_supply,0.005585969855895767
Z03_T,-Fa_Pw_All,0.0055409754518946554
Z03_T,Fa_E_self,0.005504876944874505
Z03_T,-Z03_E_Appl,0.00510610279568116
Z03_T,-Fa_EDCh_Bat,0.005104577418530985
Z03_T,P1_T_Tank,0.005098642624064832
Z03_T,-Z05_T,0.0050665977172945935
Z03_T,-Fa_Pw_Prod,0.004903133566198293
Z03_T,Z02_RH,0.0047693919713355706
Z03_T,-Z08_T,0.004747201138919934
Z03_T,-Fa_E_HVAC,0.004520595330196542
Z03_T,-P3_T_Tank,0.004512426365184649
Z03_T,Z04_RH,0.004501195386537017
Z03_T,P1_FlFrac_HW,0.004401679828943786
Z03_T,-P4_FlFrac_HW,0.004277695931751141
Z03_T,Z08_RH,0.003947301170347624
Z03_T,Z03_E_Appl,0.0038145240682145045
Z03_T,Fa_E_Light,0.00370482348413223
Z03_T,-Bd_FracCh_Bat,0.0037043576677413454
Z03_T,-Z05_E_Appl,0.003554273622983672
Z03_T,Z07_RH,0.0034937591729450857
Z03_T,-Ext_Irr,0.003458291948182243
Z03_T,-Bd_Fl_HP,0.0034051087841658833
Z03_T,-P3_FlFrac_HW,0.00339587560706573
Z03_T,Z05_RH,0.0032100435521824513
Z03_T,-Fa_E_Light,0.0031024443334373777
Z03_T,P1_T_Thermostat_sp_out,0.0029383921008179358
Z03_T,Fa_Pw_All,0.002539597759151112
Z03_T,P3_FlFrac_HW,0.002412065884071073
Z03_T,-Z03_RH,0.00238655546502214
Z03_T,P4_FlFrac_HW,0.002310645208466321
Z03_T,-P4_T_Tank,0.0021532166029386616
Z03_T,-P2_T_Thermostat_sp_out,0.002103010999466662
Z03_T,Bd_DisCh_EVBat,0.001990254254126961
Z03_T,-Bd_DisCh_EVBat,0.0019540252483026053
Z03_T,-P1_FlFrac_HW,0.0018870806044231927
Z03_T,P2_T_Tank,0.0017625969014700218
Z03_T,Z01_E_Appl,0.0017051530873308529
Z03_T,Z06_RH,0.0016679440803759299
Z03_T,-Z01_E_Appl,0.0015939367616867159
Z03_T,-Bd_E_HW,0.0015526654743920623
Z03_T,Z03_RH,0.0014537501096912888
Z03_T,Fa_EDCh_Bat,0.001414014350422005
Z03_T,-P4_T_Tank_sp_out,0.0013457193785786814
Z03_T,HVAC_Pw_HP,0.001292441028080745
Z03_T,Bd_T_HP_sp_out,0.001274979646621823
Z03_T,-Fa_E_Appl,0.001267988950306159
Z03_T,-P3_T_Thermostat_sp_out,0.0012276104176366061
Z03_T,P3_T_Thermostat_sp_out,0.0011186041246911468
Z03_T,P2_FlFrac_HW,0.0010622325717531333
Z03_T,Bd_Pw_Bat_sp_out,0.001028716518915644
Z03_T,-P2_T_Tank_sp_out,0.0009956856713900437
Z03_T,Bd_E_HW,0.0009476038891138742
Z03_T,-Fa_E_self,0.0008825518933249495
Z03_T,-Z01_RH,0.0008412536632152221
Z03_T,-P4_T_Thermostat_sp_out,0.0008398587205646084
Z03_T,Ext_Irr,0.0008179170027222796
Z03_T,-Z05_RH,0.0007345177159127733
Z03_T,P4_T_Thermostat_sp_out,0.0006646378250008837
Z03_T,-P2_FlFrac_HW,0.0006334648331033452
Z03_T,Bd_FracCh_Bat,0.0005717055279399531
Z03_T,-Z08_RH,0.0005528382272171606
Z03_T,-Z04_RH,0.0005300904001817716
Z03_T,-Z03_T,0.00045096264302303836
Z03_T,-Z07_T,0.0003774606719092797
Z03_T,Fa_E_All,0.0003742757541559554
Z03_T,-Bd_T_HP_supply,0.00034895823080737285
Z03_T,-Z06_T,0.0003205897884325256
Z03_T,-Z04_T,0.00031568212701446044
Z03_T,-Z08_E_Appl,0.0
Z03_T,-Z04_E_Appl,0.0
Z03_T,-Z06_E_Appl,0.0
Z03_T,Bd_Ch_EVBat_sp_out,0.0
Z03_T,-Z02_E_Appl,0.0
Z03_T,-Fa_Stat_EV,0.0
Z03_T,-Fa_EDCh_EVBat,0.0
Z03_T,-Fa_ECh_EVBat,0.0
Z03_T,-Bd_Frac_Vent_sp_out,0.0
Z03_T,-Bd_FracCh_EVBat,0.0
Z03_T,Z08_E_Appl,0.0
Z03_T,Z06_E_Appl,0.0
Z03_T,Z04_E_Appl,0.0
Z03_T,Z02_E_Appl,0.0
Z03_T,Fa_Stat_EV,0.0
Z03_T,Fa_EDCh_EVBat,0.0
Z03_T,Fa_ECh_EVBat,0.0
Z03_T,Bd_Frac_Vent_sp_out,0.0
Z03_T,Bd_FracCh_EVBat,0.0
Z03_T,-Bd_Ch_EVBat_sp_out,0.0
Z04_T,time,0.03911573278160954
Z04_T,-time,0.038747087938712864
Z04_T,Z04_T,0.021970560485905226
Z04_T,-Ext_P,0.020783386290277213
Z04_T,-Z01_RH,0.018378493622392026
Z04_T,-Z03_RH,0.01815199507045254
Z04_T,P4_T_Thermostat_sp_out,0.017673130338443813
Z04_T,Z05_T,0.01765170874203619
Z04_T,Z07_RH,0.016842388471901736
Z04_T,-Bd_Fl_HP,0.016531508082871335
Z04_T,-Bd_Pw_Bat_sp_out,0.015510005285550006
Z04_T,Z07_E_Appl,0.014233932347633645
Z04_T,Fa_E_Appl,0.014156234467044806
Z04_T,Fa_E_All,0.013924096111363476
Z04_T,P4_T_Tank_sp_out,0.012868797357992803
Z04_T,-Z01_T,0.012795567360077604
Z04_T,Ext_T,0.012758450711077542
Z04_T,Z07_T,0.012235051750516271
Z04_T,-Z07_T,0.012168976023131798
Z04_T,-Bd_T_HP_sp_out,0.011906092813673445
Z04_T,P1_T_Tank,0.011700309497970542
Z04_T,Z08_RH,0.011559380784264082
Z04_T,-Fa_EDCh_Bat,0.011251439383985026
Z04_T,Fa_Pw_All,0.011100162757729418
Z04_T,Z04_RH,0.01076438398797225
Z04_T,P3_T_Thermostat_sp_out,0.010700519522043078
Z04_T,Z06_T,0.010313851707510726
Z04_T,-P4_T_Tank,0.010054068404838048
Z04_T,P2_T_Thermostat_sp_out,0.009770263442347946
Z04_T,Fa_E_Light,0.009726086697053705
Z04_T,-Z03_T,0.009507249578963815
Z04_T,-Fa_E_Light,0.009430200418155085
Z04_T,-Fa_E_HVAC,0.009316536250741265
Z04_T,Z08_T,0.009045337635076601
Z04_T,Ext_P,0.008676373992439949
Z04_T,-P2_T_Tank,0.008670817091392214
Z04_T,P4_T_Tank,0.008293015947379336
Z04_T,-P3_FlFrac_HW,0.00810876680729125
Z04_T,-Bd_DisCh_EVBat,0.007304613671361077
Z04_T,Z02_T,0.007032292051494419
Z04_T,-Z05_T,0.00647307342338183
Z04_T,-Fa_E_Appl,0.006386853998577767
Z04_T,-Z02_RH,0.006325112690850352
Z04_T,-P1_FlFrac_HW,0.0063167971311356395
Z04_T,Z03_T,0.006129675181449474
Z04_T,Z03_E_Appl,0.00610012446537599
Z04_T,-P1_T_Tank_sp_out,0.005907342369218668
Z04_T,Z01_T,0.005851681598313014
Z04_T,-Bd_E_HW,0.005765727746883708
Z04_T,-Z07_RH,0.005627420642328119
Z04_T,Ext_RH,0.005418387075911157
Z04_T,-Ext_T,0.0052934686646563455
Z04_T,P1_FlFrac_HW,0.005267689324572272
Z04_T,Bd_E_HW,0.005257652139820303
Z04_T,-Z05_E_Appl,0.004934155156331051
Z04_T,-Bd_FracCh_Bat,0.004843800836164566
Z04_T,-Z01_E_Appl,0.004806772394189745
Z04_T,-Z07_E_Appl,0.0046685302616616105
Z04_T,Bd_T_HP_supply,0.004556385366192664
Z04_T,P3_FlFrac_HW,0.00429528968054872
Z04_T,Fa_EDCh_Bat,0.004258620787678865
Z04_T,-Z03_E_Appl,0.004190839416054869
Z04_T,P4_FlFrac_HW,0.004183247236586493
Z04_T,HVAC_onoff_HP,0.004119755256174443
Z04_T,Z01_E_Appl,0.0040244223277816
Z04_T,P2_FlFrac_HW,0.004015923869247232
Z04_T,-Z08_T,0.003989182984060831
Z04_T,P2_T_Tank,0.003529084861321512
Z04_T,Bd_Fl_HP,0.0032797164407400744
Z04_T,-Fa_Pw_Prod,0.0032615314722461443
Z04_T,Z01_RH,0.0032544312549286658
Z04_T,-Z04_RH,0.00318632398983142
Z04_T,HVAC_Pw_HP,0.003141331389414424
Z04_T,-P4_T_Thermostat_sp_out,0.0031379949827058996
Z04_T,P3_T_Tank,0.002985392802388424
Z04_T,-Z06_RH,0.0029722552431473807
Z04_T,Bd_Pw_Bat_sp_out,0.0027871999910468502
Z04_T,Z05_RH,0.0026954212285312893
Z04_T,-HVAC_onoff_HP,0.002634914472878347
Z04_T,-Fa_E_All,0.0024662630292101133
Z04_T,-P1_T_Thermostat_sp_out,0.0024004166402581744
Z04_T,-P3_T_Thermostat_sp_out,0.0023800535368415695
Z04_T,-P2_T_Thermostat_sp_out,0.0021325491709094707
Z04_T,-Z08_RH,0.0021319873667671745
Z04_T,Fa_Pw_Prod,0.0021217630262454464
Z04_T,-P3_T_Tank_sp_out,0.002070415257779063
Z04_T,-Fa_Pw_All,0.0020587116825366686
Z04_T,-P4_T_Tank_sp_out,0.0020350913709304306
Z04_T,Bd_DisCh_EVBat,0.002019176221770712
Z04_T,-Fa_E_self,0.0019701934008333525
Z04_T,-P2_T_Tank_sp_out,0.0019405854180845822
Z04_T,-Bd_T_HP_return,0.0018138110201512067
Z04_T,Fa_ECh_Bat,0.0017660463772412997
Z04_T,Z03_RH,0.0016611577867240307
Z04_T,Bd_T_HP_return,0.001635001419018906
Z04_T,-P1_T_Tank,0.0015708664086776579
Z04_T,-P2_FlFrac_HW,0.0014986644577229251
Z04_T,-Fa_ECh_Bat,0.0014051600324882963
Z04_T,P2_T_Tank_sp_out,0.0012557182033592295
Z04_T,P1_T_Tank_sp_out,0.0012483763856573997
Z04_T,-HVAC_Pw_HP,0.001240506307099628
Z04_T,-Ext_RH,0.0012076741311040236
Z04_T,-P4_FlFrac_HW,0.0011389562455203202
Z04_T,P3_T_Tank_sp_out,0.0011362721375921707
Z04_T,-Bd_T_HP_supply,0.0010429962346089076
Z04_T,-P3_T_Tank,0.000947070278088033
Z04_T,Bd_FracCh_Bat,0.0008359507350732738
Z04_T,-Z05_RH,0.0007495870560438814
Z04_T,-Ext_Irr,0.0007442563086616456
Z04_T,P1_T_Thermostat_sp_out,0.000724830885967723
Z04_T,Z02_RH,0.000720642291599812
Z04_T,Fa_E_HVAC,0.0006673976182041992
Z04_T,Fa_E_self,0.0005402056824293465
Z04_T,Ext_Irr,0.0005300579408138693
Z04_T,Bd_T_HP_sp_out,0.00045495866932538433
Z04_T,-Z06_T,0.00040458728007472446
Z04_T,Z06_RH,0.0003957939377119581
Z04_T,-Z04_T,0.00032794822608067306
Z04_T,-Z02_T,0.0003130821874384161
Z04_T,Z05_E_Appl,0.00028181254917962587
Z04_T,-Z06_E_Appl,0.0
Z04_T,-Z08_E_Appl,0.0
Z04_T,-Z04_E_Appl,0.0
Z04_T,Bd_Ch_EVBat_sp_out,0.0
Z04_T,-Z02_E_Appl,0.0
Z04_T,-Fa_Stat_EV,0.0
Z04_T,-Fa_EDCh_EVBat,0.0
Z04_T,-Fa_ECh_EVBat,0.0
Z04_T,-Bd_Frac_Vent_sp_out,0.0
Z04_T,-Bd_FracCh_EVBat,0.0
Z04_T,Z08_E_Appl,0.0
Z04_T,Z06_E_Appl,0.0
Z04_T,Z04_E_Appl,0.0
Z04_T,Z02_E_Appl,0.0
Z04_T,Fa_Stat_EV,0.0
Z04_T,Fa_EDCh_EVBat,0.0
Z04_T,Fa_ECh_EVBat,0.0
Z04_T,Bd_Frac_Vent_sp_out,0.0
Z04_T,Bd_FracCh_EVBat,0.0
Z04_T,-Bd_Ch_EVBat_sp_out,0.0
Z05_T,Ext_P,0.04732852312950745
Z05_T,-Ext_P,0.042011104371538203
Z05_T,time,0.027241628368739383
Z05_T,Bd_T_HP_return,0.018634334138271164
Z05_T,Z05_T,0.017675199621981084
Z05_T,Bd_T_HP_sp_out,0.017603603053985013
Z05_T,Z03_T,0.01620308798385328
Z05_T,-time,0.015182524072627712
Z05_T,-P2_T_Tank,0.013977132220346914
Z05_T,P1_T_Tank,0.012978262968926776
Z05_T,HVAC_Pw_HP,0.01184202654287869
Z05_T,Z03_E_Appl,0.011654409838988345
Z05_T,Z08_RH,0.01165308209802527
Z05_T,-Fa_E_All,0.011454969915400171
Z05_T,-Fa_E_Appl,0.011299354913665514
Z05_T,Z01_T,0.010870247353506194
Z05_T,Fa_E_Light,0.010509260156253511
Z05_T,Z03_RH,0.010498181012151064
Z05_T,-Fa_EDCh_Bat,0.009822373529992113
Z05_T,Z04_T,0.008787317318575924
Z05_T,-Ext_RH,0.008516180800130689
Z05_T,-Fa_E_Light,0.008139803689698992
Z05_T,P4_T_Tank_sp_out,0.008054376014371306
Z05_T,P2_T_Tank,0.00804836563286379
Z05_T,-Ext_T,0.007514756256750573
Z05_T,-Z07_T,0.007260271415100256
Z05_T,Z02_RH,0.007227219001240198
Z05_T,-Z05_RH,0.006826104314252254
Z05_T,-Z01_RH,0.006757696394244338
Z05_T,-P3_T_Tank_sp_out,0.00664717555487614
Z05_T,-Z07_RH,0.006370322341636476
Z05_T,Z06_T,0.00565499810387128
Z05_T,Z02_T,0.0056531982805530685
Z05_T,-Z02_T,0.005559846769010007
Z05_T,Fa_E_HVAC,0.005558041070606176
Z05_T,-P1_FlFrac_HW,0.005382851919439334
Z05_T,Z08_T,0.005301555358198336
Z05_T,-Bd_E_HW,0.005228282585924665
Z05_T,Bd_DisCh_EVBat,0.005197967639518818
Z05_T,Fa_E_All,0.0051764774455389925
Z05_T,Z07_T,0.005170923683951835
Z05_T,Fa_EDCh_Bat,0.005114982687842428
Z05_T,Z05_RH,0.005102233032089358
Z05_T,Fa_Pw_Prod,0.0050095149665734424
Z05_T,Ext_RH,0.004938441107942594
Z05_T,Bd_E_HW,0.004714366916819818
Z05_T,-Bd_FracCh_Bat,0.004581916334222065
Z05_T,Fa_E_self,0.0045730797152094315
Z05_T,-Ext_Irr,0.00450430651199041
Z05_T,-P3_T_Tank,0.004402980542026396
Z05_T,-Bd_Fl_HP,0.004331432503462528
Z05_T,P1_FlFrac_HW,0.004302140689337426
Z05_T,-Fa_Pw_Prod,0.004285622886182551
Z05_T,Z07_E_Appl,0.004210009959104444
Z05_T,Ext_Irr,0.004201216263743599
Z05_T,Fa_E_Appl,0.004131699050728829
Z05_T,-P1_T_Tank,0.00405367548414245
Z05_T,-HVAC_onoff_HP,0.003936838165858103
Z05_T,P4_T_Thermostat_sp_out,0.003826760300894972
Z05_T,-HVAC_Pw_HP,0.0037946690268544927
Z05_T,Z06_RH,0.0036394414917684955
Z05_T,HVAC_onoff_HP,0.0036066066495856843
Z05_T,Bd_Pw_Bat_sp_out,0.0035144461649502775
Z05_T,-Fa_Pw_All,0.0034143075769674787
Z05_T,-Fa_ECh_Bat,0.003140688389925296
Z05_T,-Z07_E_Appl,0.0028241763180638273
Z05_T,P3_FlFrac_HW,0.0027768339694082345
Z05_T,-Bd_T_HP_sp_out,0.002751347403512841
Z05_T,P4_FlFrac_HW,0.002707258768450634
Z05_T,-Z05_E_Appl,0.0026617886406684922
Z05_T,-Bd_Pw_Bat_sp_out,0.002625261051914718
Z05_T,-P3_T_Thermostat_sp_out,0.0025631398292038057
Z05_T,-P4_T_Tank,0.0025158881300673384
Z05_T,Fa_ECh_Bat,0.002502418510421421
Z05_T,-P1_T_Thermostat_sp_out,0.002394101418388709
Z05_T,-Z06_RH,0.0022375209234616086
Z05_T,-P2_FlFrac_HW,0.00213239324442093
Z05_T,P3_T_Tank_sp_out,0.002112054981010906
Z05_T,-P1_T_Tank_sp_out,0.0020674299711231866
Z05_T,-Z03_E_Appl,0.002056710436982853
Z05_T,-Z02_RH,0.0020368974718497153
Z05_T,-Z08_RH,0.0019995373685784065
Z05_T,-P4_T_Tank_sp_out,0.0019185416179093942
Z05_T,-Bd_T_HP_supply,0.0018848930482145562
Z05_T,-P2_T_Thermostat_sp_out,0.00185252904798175
Z05_T,-P2_T_Tank_sp_out,0.0018502910794251648
Z05_T,-P4_T_Thermostat_sp_out,0.0017981073588852806
Z05_T,Ext_T,0.0017973892147846676
Z05_T,-Bd_T_HP_return,0.0017827858118528031
Z05_T,-Z01_E_Appl,0.0017124532555249936
Z05_T,Fa_Pw_All,0.0016898029007137551
Z05_T,-Z04_RH,0.001576712212439495
Z05_T,-P4_FlFrac_HW,0.0015410393053523193
Z05_T,-Z03_RH,0.0015172550909274129
Z05_T,-Bd_DisCh_EVBat,0.0013999846249399695
Z05_T,P1_T_Tank_sp_out,0.0013741313107548472
Z05_T,Z07_RH,0.0013611276073676314
Z05_T,P4_T_Tank,0.0013530941254353318
Z05_T,Z01_E_Appl,0.0013351380097425206
Z05_T,P2_T_Tank_sp_out,0.0012785510141246975
Z05_T,Z04_RH,0.0012444020851341072
Z05_T,Bd_T_HP_supply,0.001108144112244059
Z05_T,P2_T_Thermostat_sp_out,0.0010668910537086503
Z05_T,Bd_FracCh_Bat,0.0010280003596805586
Z05_T,Bd_Fl_HP,0.0010180815316599536
Z05_T,-Z04_T,0.000957986848869659
Z05_T,Z05_E_Appl,0.0009437932327567502
Z05_T,P2_FlFrac_HW,0.0008476068495671442
Z05_T,P1_T_Thermostat_sp_out,0.0008079506683077721
Z05_T,-P3_FlFrac_HW,0.0007811872353307592
Z05_T,-Fa_E_self,0.0007556805467867307
Z05_T,-Fa_E_HVAC,0.0007159434949175692
Z05_T,P3_T_Thermostat_sp_out,0.0006870311404705921
Z05_T,-Z03_T,0.0006852009824248626
Z05_T,P3_T_Tank,0.0006055574588921417
Z05_T,-Z08_T,0.0005741432926407768
Z05_T,-Z06_T,0.0004923423830304637
Z05_T,Z01_RH,0.00033921163597219
Z05_T,-Z05_T,0.00022464909028847925
Z05_T,-Z01_T,0.000191306611601041
Z05_T,-Z06_E_Appl,0.0
Z05_T,-Z04_E_Appl,0.0
Z05_T,-Z08_E_Appl,0.0
Z05_T,Bd_Ch_EVBat_sp_out,0.0
Z05_T,-Z02_E_Appl,0.0
Z05_T,-Fa_Stat_EV,0.0
Z05_T,-Fa_EDCh_EVBat,0.0
Z05_T,-Fa_ECh_EVBat,0.0
Z05_T,-Bd_Frac_Vent_sp_out,0.0
Z05_T,-Bd_FracCh_EVBat,0.0
Z05_T,Z08_E_Appl,0.0
Z05_T,Z06_E_Appl,0.0
Z05_T,Z04_E_Appl,0.0
Z05_T,Z02_E_Appl,0.0
Z05_T,Fa_Stat_EV,0.0
Z05_T,Fa_EDCh_EVBat,0.0
Z05_T,Fa_ECh_EVBat,0.0
Z05_T,Bd_Frac_Vent_sp_out,0.0
Z05_T,Bd_FracCh_EVBat,0.0
Z05_T,-Bd_Ch_EVBat_sp_out,0.0
Z06_T,time,0.05180069135665635
Z06_T,-time,0.0306596614102873
Z06_T,-Ext_P,0.027171460168584325
Z06_T,Ext_P,0.02611872384941689
Z06_T,Z02_T,0.01787991091487089
Z06_T,Z01_RH,0.01748817966047339
Z06_T,Z08_T,0.017445187561463512
Z06_T,P1_T_Thermostat_sp_out,0.01678553907744779
Z06_T,Z04_T,0.01527201049113184
Z06_T,Bd_T_HP_supply,0.014658647489044458
Z06_T,-Z03_RH,0.014174562507222578
Z06_T,-Z08_T,0.012977871922092134
Z06_T,-Bd_Fl_HP,0.012974586067335389
Z06_T,P1_T_Tank_sp_out,0.012049164690039358
Z06_T,P4_T_Tank,0.011243840801962722
Z06_T,Z06_T,0.010036475590936223
Z06_T,Ext_RH,0.009550933129650026
Z06_T,-Fa_E_Appl,0.009180510220911825
Z06_T,-Z05_E_Appl,0.008594637767189727
Z06_T,Bd_Pw_Bat_sp_out,0.008562431405637654
Z06_T,Ext_T,0.008501340496484945
Z06_T,-Ext_RH,0.008315370581580698
Z06_T,Bd_Fl_HP,0.008283647426303114
Z06_T,Z03_T,0.007815621470944483
Z06_T,P2_T_Thermostat_sp_out,0.007654987179956319
Z06_T,-Ext_T,0.006955983718290197
Z06_T,-Fa_E_self,0.00665505949644005
Z06_T,Z01_T,0.006354176434699075
Z06_T,-Bd_FracCh_Bat,0.006177927751700407
Z06_T,-HVAC_Pw_HP,0.005930824696806698
Z06_T,-Z06_RH,0.005736645368450638
Z06_T,Z05_T,0.005695451408684174
Z06_T,Z01_E_Appl,0.005612552489577413
Z06_T,P4_T_Tank_sp_out,0.00554302071601999
Z06_T,Fa_E_Appl,0.00552635519242968
Z06_T,HVAC_Pw_HP,0.005346127194523826
Z06_T,Fa_Pw_All,0.00513813774226654
Z06_T,-Z04_RH,0.005117000807386463
Z06_T,Bd_DisCh_EVBat,0.0050324140423950395
Z06_T,-Bd_DisCh_EVBat,0.0049334499200401295
Z06_T,-Z07_E_Appl,0.0048875831381128085
Z06_T,-Fa_ECh_Bat,0.004615121060617403
Z06_T,Z07_T,0.004525269650076231
Z06_T,-P2_T_Tank_sp_out,0.0044340589154771
Z06_T,Fa_E_self,0.004430250212707402
Z06_T,-P3_T_Tank_sp_out,0.004426914188897513
Z06_T,-P4_T_Tank_sp_out,0.004345773071617129
Z06_T,Z04_RH,0.004341951409732557
Z06_T,-P1_T_Tank_sp_out,0.004341856764222734
Z06_T,-Bd_T_HP_return,0.0043184963840942805
Z06_T,-P2_T_Tank,0.004259483593416329
Z06_T,-Fa_EDCh_Bat,0.0040826172957379074
Z06_T,-Bd_E_HW,0.0034246247427450194
Z06_T,Fa_E_HVAC,0.0033978458482260675
Z06_T,-Ext_Irr,0.003348471003760524
Z06_T,-Z03_T,0.003334444483733071
Z06_T,Fa_ECh_Bat,0.0031938480217413483
Z06_T,Z03_E_Appl,0.00312834632752336
Z06_T,Fa_E_All,0.0030826272549373895
Z06_T,-P4_T_Tank,0.003045865779679727
Z06_T,Z07_RH,0.0030149954333018193
Z06_T,Z08_RH,0.0029234062599198573
Z06_T,Bd_E_HW,0.0029003837333478407
Z06_T,P2_T_Tank,0.002886899568467229
Z06_T,-Z05_RH,0.0027063650726067527
Z06_T,Z03_RH,0.002538405670284397
Z06_T,-Bd_T_HP_supply,0.0024745037619808984
Z06_T,-HVAC_onoff_HP,0.0023705981999350458
Z06_T,-P2_T_Thermostat_sp_out,0.002219942822375919
Z06_T,Ext_Irr,0.0021545411452688823
Z06_T,Z05_E_Appl,0.0021237194866613207
Z06_T,-P4_T_Thermostat_sp_out,0.0021115045639602714
Z06_T,P1_T_Tank,0.002029734305817191
Z06_T,-P1_T_Tank,0.0019352948650708584
Z06_T,Z07_E_Appl,0.0019326023658322732
Z06_T,P1_FlFrac_HW,0.0018746562805328217
Z06_T,-P1_T_Thermostat_sp_out,0.0018708675012556568
Z06_T,-Bd_T_HP_sp_out,0.001867483193361511
Z06_T,-Fa_Pw_Prod,0.0018661828292181565
Z06_T,-P3_T_Thermostat_sp_out,0.001858523027675551
Z06_T,Z02_RH,0.0018072349722344644
Z06_T,-P2_FlFrac_HW,0.0015721273563132987
Z06_T,Fa_E_Light,0.0014522123440785287
Z06_T,Fa_EDCh_Bat,0.0013706787217066222
Z06_T,-P1_FlFrac_HW,0.0013685918096263863
Z06_T,-P3_T_Tank,0.0013580555764154758
Z06_T,HVAC_onoff_HP,0.0013330199355152728
Z06_T,Fa_Pw_Prod,0.0013329105395463031
Z06_T,P3_FlFrac_HW,0.0012418876645970294
Z06_T,P4_FlFrac_HW,0.0012100295009960275
Z06_T,-Z01_E_Appl,0.00116356281885086
Z06_T,-Z01_RH,0.0011435284618400217
Z06_T,-Bd_Pw_Bat_sp_out,0.0011022386328439085
Z06_T,-Fa_Pw_All,0.0009615947503804019
Z06_T,-Z04_T,0.0009509298130508377
Z06_T,Z05_RH,0.0008544417832822873
Z06_T,-Z03_E_Appl,0.0007522430563095724
Z06_T,-Fa_E_Light,0.000731029100721932
Z06_T,-P3_FlFrac_HW,0.0006822943324402572
Z06_T,-P4_FlFrac_HW,0.0006801150279409598
Z06_T,P3_T_Tank,0.0006174263899474729
Z06_T,P3_T_Thermostat_sp_out,0.0005688069994074779
Z06_T,-Z05_T,0.0005637310346886688
Z06_T,-Fa_E_HVAC,0.0005374010647137358
Z06_T,Bd_FracCh_Bat,0.0005357475563049647
Z06_T,Bd_T_HP_sp_out,0.000525500830067408
Z06_T,P2_T_Tank_sp_out,0.0005122061594392834
Z06_T,-Fa_E_All,0.000500677624180673
Z06_T,-Z08_RH,0.00046517352316718393
Z06_T,P3_T_Tank_sp_out,0.0004647953197485465
Z06_T,P2_FlFrac_HW,0.00044566228102307725
Z06_T,Bd_T_HP_return,0.00042849459213994143
Z06_T,P4_T_Thermostat_sp_out,0.00041403287440773084
Z06_T,-Z07_RH,0.00039469278037127393
Z06_T,-Z02_RH,0.0003585645963727087
Z06_T,-Z07_T,0.0003089985864708183
Z06_T,-Z06_T,0.00028348084732777117
Z06_T,Z06_RH,0.0002662060413492878
Z06_T,-Z02_T,0.00022752055881633347
Z06_T,-Z01_T,0.0001640241281425001
Z06_T,-Z08_E_Appl,0.0
Z06_T,-Z04_E_Appl,0.0
Z06_T,-Z06_E_Appl,0.0
Z06_T,Bd_Ch_EVBat_sp_out,0.0
Z06_T,-Z02_E_Appl,0.0
Z06_T,-Fa_Stat_EV,0.0
Z06_T,-Fa_EDCh_EVBat,0.0
Z06_T,-Fa_ECh_EVBat,0.0
Z06_T,-Bd_Frac_Vent_sp_out,0.0
Z06_T,-Bd_FracCh_EVBat,0.0
Z06_T,Z08_E_Appl,0.0
Z06_T,Z06_E_Appl,0.0
Z06_T,Z04_E_Appl,0.0
Z06_T,Z02_E_Appl,0.0
Z06_T,Fa_Stat_EV,0.0
Z06_T,Fa_EDCh_EVBat,0.0
Z06_T,Fa_ECh_EVBat,0.0
Z06_T,Bd_Frac_Vent_sp_out,0.0
Z06_T,Bd_FracCh_EVBat,0.0
Z06_T,-Bd_Ch_EVBat_sp_out,0.0
Z07_T,time,0.023419335608666415
Z07_T,Z07_T,0.022706460799830706
Z07_T,Z03_T,0.02094006583765845
Z07_T,P2_T_Thermostat_sp_out,0.018882561210194496
Z07_T,Z05_T,0.018609748899088403
Z07_T,Z06_T,0.018448492604411115
Z07_T,Z03_E_Appl,0.01797597667969961
Z07_T,-Bd_FracCh_Bat,0.014816583600922771
Z07_T,-P3_T_Thermostat_sp_out,0.013762736696252637
Z07_T,Z05_RH,0.013145482942565095
Z07_T,-P3_T_Tank_sp_out,0.012975013668207396
Z07_T,Bd_T_HP_supply,0.012810566374523632
Z07_T,-Z05_T,0.012527366367064266
Z07_T,Fa_E_Appl,0.0124743823698576
Z07_T,P3_T_Thermostat_sp_out,0.011820606895764063
Z07_T,-HVAC_Pw_HP,0.011711367765005937
Z07_T,-Z03_T,0.011650593535464904
Z07_T,Fa_Pw_All,0.011639404320733047
Z07_T,-P4_T_Thermostat_sp_out,0.011296402204575453
Z07_T,HVAC_Pw_HP,0.010748777109561916
Z07_T,-Z03_E_Appl,0.010600763269874266
Z07_T,-Z07_RH,0.010264108847592424
Z07_T,-Fa_E_Light,0.01001620615088516
Z07_T,Fa_E_Light,0.00977255545696591
Z07_T,Fa_ECh_Bat,0.009390889903881145
Z07_T,P4_T_Tank_sp_out,0.008881289340741953
Z07_T,-Z02_RH,0.008667337746764713
Z07_T,-Bd_Fl_HP,0.0083385573071391
Z07_T,-Fa_E_Appl,0.008288561216968221
Z07_T,P3_T_Tank_sp_out,0.007554042259931481
Z07_T,-time,0.007273580006653356
Z07_T,-Fa_ECh_Bat,0.007111282611578713
Z07_T,Bd_FracCh_Bat,0.0066542050840147395
Z07_T,Ext_T,0.006593077556204848
Z07_T,-P2_T_Tank,0.00648996947536295
Z07_T,-P2_T_Tank_sp_out,0.006417725445975338
Z07_T,-Fa_Pw_All,0.006183366479076845
Z07_T,-Bd_T_HP_sp_out,0.006068247439706897
Z07_T,-Bd_DisCh_EVBat,0.005875352353809791
Z07_T,-Bd_Pw_Bat_sp_out,0.00567678714272341
Z07_T,Z08_RH,0.00537974040904791
Z07_T,-P3_T_Tank,0.005178779193044377
Z07_T,P1_T_Tank,0.005075881693045757
Z07_T,-Z01_T,0.005018334743437878
Z07_T,Ext_P,0.0049533795771354566
Z07_T,-Bd_T_HP_return,0.004786761145736558
Z07_T,-Ext_P,0.004564840876617017
Z07_T,Z01_T,0.004386493041842641
Z07_T,Z08_T,0.004236672717823691
Z07_T,-Z01_E_Appl,0.004125528533992895
Z07_T,P2_T_Tank,0.004001794937427774
Z07_T,Z04_T,0.003966405288835054
Z07_T,P1_T_Thermostat_sp_out,0.0038436450652142747
Z07_T,Bd_DisCh_EVBat,0.0037961079298632497
Z07_T,Z02_T,0.0037639074629753837
Z07_T,Ext_RH,0.0034581917325621305
Z07_T,-Z04_RH,0.0033180546256473065
Z07_T,P4_T_Thermostat_sp_out,0.0032917049776440164
Z07_T,-Fa_Pw_Prod,0.00302415245811059
Z07_T,-P1_T_Thermostat_sp_out,0.002767148093172966
Z07_T,P1_T_Tank_sp_out,0.0026272073439120407
Z07_T,P2_T_Tank_sp_out,0.002612979523948065
Z07_T,-P2_FlFrac_HW,0.0025893453507670728
Z07_T,-P1_T_Tank,0.0025008975957564105
Z07_T,-Ext_Irr,0.0024996161825620858
Z07_T,Bd_T_HP_sp_out,0.0023851292306508393
Z07_T,-HVAC_onoff_HP,0.00234294948922377
Z07_T,-Bd_T_HP_supply,0.0023331569890952006
Z07_T,-Fa_EDCh_Bat,0.002191934019833488
Z07_T,-Z06_T,0.0021591119391348103
Z07_T,Z01_RH,0.002030086098116758
Z07_T,Fa_Pw_Prod,0.0019104406953265312
Z07_T,HVAC_onoff_HP,0.0019039233781041702
Z07_T,Ext_Irr,0.0018416235001053735
Z07_T,P3_T_Tank,0.0017738442380405282
Z07_T,-Z08_RH,0.0017734915152980832
Z07_T,P2_FlFrac_HW,0.0017172239712926925
Z07_T,Z07_E_Appl,0.0016812923765845752
Z07_T,Z01_E_Appl,0.001659676352181528
Z07_T,-Z07_E_Appl,0.0016506643697884599
Z07_T,Fa_EDCh_Bat,0.001637885234854383
Z07_T,-P4_T_Tank,0.0015553433625443173
Z07_T,Z05_E_Appl,0.0015366466408557858
Z07_T,Bd_Fl_HP,0.001500981182593175
Z07_T,P3_FlFrac_HW,0.0014681395903854422
Z07_T,Fa_E_self,0.0014035386645143823
Z07_T,Fa_E_HVAC,0.0013424894893073248
Z07_T,P4_FlFrac_HW,0.0013377998137335987
Z07_T,-Z05_E_Appl,0.0013179055279574886
Z07_T,Z04_RH,0.001280929454576257
Z07_T,-Fa_E_HVAC,0.0012106916208804365
Z07_T,Fa_E_All,0.0011904098957899564
Z07_T,Z02_RH,0.0010864301666728357
Z07_T,P4_T_Tank,0.0010546634248070118
Z07_T,-Bd_E_HW,0.0009835840535583774
Z07_T,-Fa_E_All,0.0009519385387060129
Z07_T,-Ext_T,0.0008362357007622037
Z07_T,-Z01_RH,0.0007751367817333666
Z07_T,-P1_FlFrac_HW,0.0007666588174058013
Z07_T,-Z03_RH,0.0007589986578153028
Z07_T,-P4_FlFrac_HW,0.000757681297589425
Z07_T,Bd_Pw_Bat_sp_out,0.0007462150930324015
Z07_T,-P3_FlFrac_HW,0.0007456700441989298
Z07_T,P1_FlFrac_HW,0.0007392189906425675
Z07_T,-Fa_E_self,0.0007146924533898894
Z07_T,-Z05_RH,0.0006717471065734957
Z07_T,Z03_RH,0.0005434824257533372
Z07_T,-Ext_RH,0.0004990545461258961
Z07_T,Bd_T_HP_return,0.00047198377014653995
Z07_T,Bd_E_HW,0.00044112550470740857
Z07_T,-Z06_RH,0.0004156644449217314
Z07_T,Z07_RH,0.0003973246331582342
Z07_T,-P1_T_Tank_sp_out,0.0003739286313205639
Z07_T,-P2_T_Thermostat_sp_out,0.00032523546326133435
Z07_T,-Z07_T,0.00030491031345547217
Z07_T,-Z04_T,0.00029884870968724186
Z07_T,-P4_T_Tank_sp_out,0.0002985348312873363
Z07_T,Z06_RH,0.000294448705218876
Z07_T,-Z08_T,0.00025728628683172126
Z07_T,-Z02_T,0.00023572885854461817
Z07_T,-Z04_E_Appl,0.0
Z07_T,-Z08_E_Appl,0.0
Z07_T,-Z06_E_Appl,0.0
Z07_T,Bd_Ch_EVBat_sp_out,0.0
Z07_T,-Z02_E_Appl,0.0
Z07_T,-Fa_Stat_EV,0.0
Z07_T,-Fa_EDCh_EVBat,0.0
Z07_T,-Fa_ECh_EVBat,0.0
Z07_T,-Bd_Frac_Vent_sp_out,0.0
Z07_T,-Bd_FracCh_EVBat,0.0
Z07_T,Z08_E_Appl,0.0
Z07_T,Z06_E_Appl,0.0
Z07_T,Z04_E_Appl,0.0
Z07_T,Z02_E_Appl,0.0
Z07_T,Fa_Stat_EV,0.0
Z07_T,Fa_EDCh_EVBat,0.0
Z07_T,Fa_ECh_EVBat,0.0
Z07_T,Bd_Frac_Vent_sp_out,0.0
Z07_T,Bd_FracCh_EVBat,0.0
Z07_T,-Bd_Ch_EVBat_sp_out,0.0
Z08_T,-Ext_P,0.036183861359649475
Z08_T,Ext_P,0.029575707863838032
Z08_T,-time,0.022521205628402093
Z08_T,time,0.020299108450162338
Z08_T,Z07_E_Appl,0.018701682317352235
Z08_T,-Bd_Fl_HP,0.018546974105705057
Z08_T,Z08_T,0.01843288364595313
Z08_T,Z07_T,0.01828287597476218
Z08_T,Bd_T_HP_sp_out,0.01721498740700702
Z08_T,P1_T_Tank_sp_out,0.015384166039308434
Z08_T,-P2_FlFrac_HW,0.014395136557579001
Z08_T,-Z05_E_Appl,0.014219414340635731
Z08_T,Z04_T,0.01408554382518127
Z08_T,Bd_Pw_Bat_sp_out,0.014023466362440172
Z08_T,-Fa_Pw_Prod,0.013972849992053267
Z08_T,HVAC_Pw_HP,0.013074707664860307
Z08_T,P4_FlFrac_HW,0.011493111812047076
Z08_T,Fa_Pw_Prod,0.011352050671820125
Z08_T,-P1_T_Tank_sp_out,0.01095709698183798
Z08_T,-Bd_FracCh_Bat,0.01065676540111598
Z08_T,-Fa_E_Light,0.010631811407093421
Z08_T,P1_T_Tank,0.010083735046726744
Z08_T,Z04_RH,0.009949135273209623
Z08_T,-Z08_T,0.009609410636610851
Z08_T,Bd_Fl_HP,0.009552094397108996
Z08_T,Z07_RH,0.009247496648789794
Z08_T,P2_FlFrac_HW,0.008678160774083121
Z08_T,Fa_Pw_All,0.008655254373176137
Z08_T,-Z04_T,0.008586886437105213
Z08_T,Ext_T,0.008470539869009698
Z08_T,Fa_E_Light,0.007899290617444037
Z08_T,-P4_T_Tank_sp_out,0.007244790296272279
Z08_T,Z02_T,0.007209912965607347
Z08_T,-P3_FlFrac_HW,0.007118676933725944
Z08_T,P2_T_Tank_sp_out,0.007114536013739412
Z08_T,Z03_T,0.006889647249476013
Z08_T,Fa_E_All,0.006715513896597963
Z08_T,P3_FlFrac_HW,0.0066148305250391505
Z08_T,-Z07_E_Appl,0.006525975114886072
Z08_T,Z06_T,0.005958132879474832
Z08_T,-Z06_T,0.005858316815997945
Z08_T,-P3_T_Tank,0.005824571489822218
Z08_T,P3_T_Tank_sp_out,0.005668451056384933
Z08_T,-Z08_RH,0.0053141446771491855
Z08_T,Ext_RH,0.005286582190859402
Z08_T,Z01_T,0.00528501948579853
Z08_T,-Z02_T,0.005268281720222319
Z08_T,Z05_T,0.005230165726329024
Z08_T,Fa_E_Appl,0.005115178264971565
Z08_T,HVAC_onoff_HP,0.004974338573874116
Z08_T,Z01_E_Appl,0.004969233342627991
Z08_T,-Fa_E_Appl,0.004922586657299561
Z08_T,Z03_E_Appl,0.004920800291861984
Z08_T,Z05_E_Appl,0.00488164136490345
Z08_T,P4_T_Tank,0.004735050681336076
Z08_T,-Z04_RH,0.004552167051084407
Z08_T,-HVAC_Pw_HP,0.0045141638398551375
Z08_T,-Z02_RH,0.004298406592984279
Z08_T,P3_T_Tank,0.004260503432180461
Z08_T,-P4_FlFrac_HW,0.0037524851232854134
Z08_T,-Fa_Pw_All,0.003720395354749459
Z08_T,-Ext_RH,0.0037140175325125965
Z08_T,-Z03_RH,0.0036893119842355128
Z08_T,-Bd_DisCh_EVBat,0.0036157778463548995
Z08_T,-P2_T_Tank,0.0035860026599185894
Z08_T,-Z06_RH,0.0035410314274796923
Z08_T,-Fa_E_HVAC,0.003181066825661134
Z08_T,-P1_T_Thermostat_sp_out,0.002901626283122778
Z08_T,-Z07_RH,0.0027177253180207563
Z08_T,-HVAC_onoff_HP,0.002610832599145715
Z08_T,P2_T_Tank,0.0025662294709995173
Z08_T,P4_T_Thermostat_sp_out,0.002562458312752198
Z08_T,P2_T_Thermostat_sp_out,0.00254957671143414
Z08_T,P4_T_Tank_sp_out,0.0024954395616483224
Z08_T,P1_T_Thermostat_sp_out,0.0022591277887543232
Z08_T,-Fa_EDCh_Bat,0.0021782838912876704
Z08_T,P3_T_Thermostat_sp_out,0.0021707446857324275
Z08_T,Fa_EDCh_Bat,0.0021388594247060836
Z08_T,-Z03_T,0.0021006691246765476
Z08_T,-Z01_E_Appl,0.0020463978637226803
Z08_T,Fa_E_HVAC,0.001958535272428094
Z08_T,-Bd_T_HP_supply,0.0019548321998694943
Z08_T,Fa_ECh_Bat,0.0019295851371606545
Z08_T,Z01_RH,0.0018869301644368792
Z08_T,-Bd_T_HP_return,0.0018698701465829672
Z08_T,-Bd_Pw_Bat_sp_out,0.0018581801483498737
Z08_T,-Z01_RH,0.0018429773505416463
Z08_T,Bd_T_HP_return,0.0018424798400326807
Z08_T,-P1_FlFrac_HW,0.0018227622393158424
Z08_T,-P2_T_Tank_sp_out,0.001750910321002803
Z08_T,-Fa_E_All,0.0017340840952906318
Z08_T,-P1_T_Tank,0.001728797063723671
Z08_T,Z05_RH,0.0016914419652163265
Z08_T,-Bd_E_HW,0.0016709483604506186
Z08_T,P1_FlFrac_HW,0.001578811478743581
Z08_T,Fa_E_self,0.0014468052996480913
Z08_T,-Z03_E_Appl,0.0014317982019187013
Z08_T,-Z05_RH,0.0014174430275176717
Z08_T,-Fa_ECh_Bat,0.0013535438768957936
Z08_T,-Fa_E_self,0.001215194028638282
Z08_T,Bd_DisCh_EVBat,0.0011723899854737666
Z08_T,-P4_T_Tank,0.0010388623561835004
Z08_T,-Ext_Irr,0.0009264231530386965
Z08_T,-Bd_T_HP_sp_out,0.0008470942073163655
Z08_T,-P3_T_Tank_sp_out,0.0007861715610897076
Z08_T,Bd_T_HP_supply,0.0007817240199624472
Z08_T,-P3_T_Thermostat_sp_out,0.0007339854841391685
Z08_T,Bd_FracCh_Bat,0.0006438256923959806
Z08_T,Ext_Irr,0.000625003314923702
Z08_T,-Ext_T,0.0005970100490679435
Z08_T,Bd_E_HW,0.0005696856928461726
Z08_T,Z03_RH,0.0005168110404287698
Z08_T,-Z01_T,0.00045370148416250993
Z08_T,-Z05_T,0.00044811690721225815
Z08_T,-Z07_T,0.00039302100002718845
Z08_T,-P2_T_Thermostat_sp_out,0.0003799666025096073
Z08_T,-P4_T_Thermostat_sp_out,0.00036737215599083725
Z08_T,Z06_RH,0.0003122582092962465
Z08_T,Z02_RH,0.00030591162347412207
Z08_T,Z08_RH,0.0002161104399779047
Z08_T,-Z04_E_Appl,0.0
Z08_T,-Z08_E_Appl,0.0
Z08_T,-Z06_E_Appl,0.0
Z08_T,Bd_Ch_EVBat_sp_out,0.0
Z08_T,-Z02_E_Appl,0.0
Z08_T,-Fa_Stat_EV,0.0
Z08_T,-Fa_EDCh_EVBat,0.0
Z08_T,-Fa_ECh_EVBat,0.0
Z08_T,-Bd_Frac_Vent_sp_out,0.0
Z08_T,-Bd_FracCh_EVBat,0.0
Z08_T,Z08_E_Appl,0.0
Z08_T,Z06_E_Appl,0.0
Z08_T,Z04_E_Appl,0.0
Z08_T,Z02_E_Appl,0.0
Z08_T,Fa_Stat_EV,0.0
Z08_T,Fa_EDCh_EVBat,0.0
Z08_T,Fa_ECh_EVBat,0.0
Z08_T,Bd_Frac_Vent_sp_out,0.0
Z08_T,Bd_FracCh_EVBat,0.0
Z08_T,-Bd_Ch_EVBat_sp_out,0.0
Bd_FracCh_Bat,time,0.049486306941130126
Bd_FracCh_Bat,-Ext_P,0.036674170402605344
Bd_FracCh_Bat,Ext_P,0.03305185757470536
Bd_FracCh_Bat,Bd_FracCh_Bat,0.02437483775336682
Bd_FracCh_Bat,Ext_T,0.01878845398456333
Bd_FracCh_Bat,-P4_T_Tank,0.018755463282231655
Bd_FracCh_Bat,Z07_E_Appl,0.01715765094983285
Bd_FracCh_Bat,-Z05_T,0.016197935107299846
Bd_FracCh_Bat,-HVAC_onoff_HP,0.015734118120425022
Bd_FracCh_Bat,Z04_RH,0.0152761993058447
Bd_FracCh_Bat,-P4_T_Tank_sp_out,0.015025931412654797
Bd_FracCh_Bat,-Z07_RH,0.014780565347637303
Bd_FracCh_Bat,HVAC_onoff_HP,0.014567008393088327
Bd_FracCh_Bat,-Z03_T,0.01424845017096506
Bd_FracCh_Bat,Fa_E_Appl,0.014032342198860738
Bd_FracCh_Bat,Z01_RH,0.013551077277466132
Bd_FracCh_Bat,Bd_T_HP_return,0.013127530245543657
Bd_FracCh_Bat,-Z04_RH,0.012774760812504107
Bd_FracCh_Bat,-P4_FlFrac_HW,0.012689581294195973
Bd_FracCh_Bat,P4_T_Thermostat_sp_out,0.012279734619101408
Bd_FracCh_Bat,Bd_Fl_HP,0.01226439010853548
Bd_FracCh_Bat,-P1_T_Tank,0.011955331342353869
Bd_FracCh_Bat,-Fa_ECh_Bat,0.011888023275472082
Bd_FracCh_Bat,Z06_T,0.011871673674701032
Bd_FracCh_Bat,Fa_E_Light,0.011420426790514913
Bd_FracCh_Bat,-P2_T_Thermostat_sp_out,0.011377043686716095
Bd_FracCh_Bat,Z05_E_Appl,0.010994523317504067
Bd_FracCh_Bat,Z05_RH,0.01085598529113526
Bd_FracCh_Bat,-Bd_E_HW,0.010051962251426617
Bd_FracCh_Bat,-P1_FlFrac_HW,0.009843810315264954
Bd_FracCh_Bat,-Bd_T_HP_sp_out,0.00951363732229604
Bd_FracCh_Bat,P3_FlFrac_HW,0.009485418599682712
Bd_FracCh_Bat,-Z08_T,0.009361895890627877
Bd_FracCh_Bat,Bd_E_HW,0.009307735603311591
Bd_FracCh_Bat,-Ext_T,0.008877988057832466
Bd_FracCh_Bat,P4_T_Tank_sp_out,0.008763035526668083
Bd_FracCh_Bat,Fa_E_self,0.008735237984231979
Bd_FracCh_Bat,-time,0.00837565827822109
Bd_FracCh_Bat,-Z03_RH,0.007811651408953122
Bd_FracCh_Bat,Fa_Pw_Prod,0.0077858792159850735
Bd_FracCh_Bat,-Fa_Pw_All,0.007366859925727472
Bd_FracCh_Bat,Ext_RH,0.007038372018458955
Bd_FracCh_Bat,-Fa_E_Light,0.006798514085188494
Bd_FracCh_Bat,-Z03_E_Appl,0.006704885138708403
Bd_FracCh_Bat,-Fa_EDCh_Bat,0.006582413812367025
Bd_FracCh_Bat,P2_FlFrac_HW,0.006242649743285023
Bd_FracCh_Bat,P1_FlFrac_HW,0.005989894068282735
Bd_FracCh_Bat,Fa_EDCh_Bat,0.005937175070567656
Bd_FracCh_Bat,Bd_Pw_Bat_sp_out,0.0059192837470469495
Bd_FracCh_Bat,P2_T_Thermostat_sp_out,0.0056631769225391915
Bd_FracCh_Bat,Fa_ECh_Bat,0.005412098276906143
Bd_FracCh_Bat,-Ext_RH,0.00540547031271549
Bd_FracCh_Bat,-Ext_Irr,0.0049806529874138715
Bd_FracCh_Bat,-Bd_Fl_HP,0.004884474006691077
Bd_FracCh_Bat,-HVAC_Pw_HP,0.0045122553441360284
Bd_FracCh_Bat,-Bd_DisCh_EVBat,0.004431089262543549
Bd_FracCh_Bat,P3_T_Tank_sp_out,0.004409113520715466
Bd_FracCh_Bat,-P2_T_Tank,0.0040023768306954805
Bd_FracCh_Bat,P4_FlFrac_HW,0.003967899094881295
Bd_FracCh_Bat,Z08_T,0.0037031622557096937
Bd_FracCh_Bat,P1_T_Thermostat_sp_out,0.003692579855396589
Bd_FracCh_Bat,-Z06_T,0.003685453331500553
Bd_FracCh_Bat,-Z05_E_Appl,0.003664405334553541
Bd_FracCh_Bat,-Z02_T,0.0036103118722302496
Bd_FracCh_Bat,Z02_RH,0.0035400281706094894
Bd_FracCh_Bat,-P2_FlFrac_HW,0.0034342439622484845
Bd_FracCh_Bat,-Fa_E_HVAC,0.0034032671705623726
Bd_FracCh_Bat,P1_T_Tank_sp_out,0.003372503947077139
Bd_FracCh_Bat,-P3_T_Tank,0.0033664134777177013
Bd_FracCh_Bat,P2_T_Tank_sp_out,0.0033048645108387036
Bd_FracCh_Bat,-Bd_T_HP_supply,0.0032615353781018427
Bd_FracCh_Bat,-Fa_E_All,0.0032312574290616868
Bd_FracCh_Bat,Z07_T,0.003063080247435143
Bd_FracCh_Bat,-Bd_T_HP_return,0.00293368210622105
Bd_FracCh_Bat,-Z07_T,0.0028311917416228276
Bd_FracCh_Bat,-Z01_RH,0.00276420550487726
Bd_FracCh_Bat,-Fa_E_self,0.002761934283727591
Bd_FracCh_Bat,-P3_T_Tank_sp_out,0.0027436154637978283
Bd_FracCh_Bat,Fa_E_All,0.0026290352282867294
Bd_FracCh_Bat,-Fa_Pw_Prod,0.00257258895964785
Bd_FracCh_Bat,Fa_Pw_All,0.00239452005149076
Bd_FracCh_Bat,-P3_FlFrac_HW,0.002291343949584371
Bd_FracCh_Bat,-Z04_T,0.002267973169315532
Bd_FracCh_Bat,-Z05_RH,0.0021763336071910218
Bd_FracCh_Bat,Z01_T,0.0019572291985377917
Bd_FracCh_Bat,-Fa_E_Appl,0.0019138593855040668
Bd_FracCh_Bat,Z05_T,0.0019111328888335494
Bd_FracCh_Bat,Z06_RH,0.0019067013808822203
Bd_FracCh_Bat,-P3_T_Thermostat_sp_out,0.0019037968263753726
Bd_FracCh_Bat,-P1_T_Thermostat_sp_out,0.0018950052644600703
Bd_FracCh_Bat,-Z01_T,0.0018054776553277161
Bd_FracCh_Bat,-Z08_RH,0.0016662719862188626
Bd_FracCh_Bat,Z01_E_Appl,0.0015469984269116804
Bd_FracCh_Bat,P1_T_Tank,0.0015241964399188696
Bd_FracCh_Bat,-P4_T_Thermostat_sp_out,0.0013603703997105605
Bd_FracCh_Bat,-Z07_E_Appl,0.0013548188150246756
Bd_FracCh_Bat,-Z01_E_Appl,0.0013135315564960905
Bd_FracCh_Bat,Z04_T,0.0012291673193646061
Bd_FracCh_Bat,Z02_T,0.0011934009950497326
Bd_FracCh_Bat,HVAC_Pw_HP,0.0011853459996010898
Bd_FracCh_Bat,Bd_DisCh_EVBat,0.0011837117628945171
Bd_FracCh_Bat,Z03_E_Appl,0.0011119136733158009
Bd_FracCh_Bat,Z07_RH,0.001062998961319935
Bd_FracCh_Bat,P3_T_Tank,0.0009936994221563496
Bd_FracCh_Bat,P4_T_Tank,0.0009933268241797953
Bd_FracCh_Bat,P3_T_Thermostat_sp_out,0.0009386658824446212
Bd_FracCh_Bat,Ext_Irr,0.0009368584979181257
Bd_FracCh_Bat,Bd_T_HP_sp_out,0.0008084787983007509
Bd_FracCh_Bat,Z03_T,0.0007407965051817582
Bd_FracCh_Bat,-Bd_FracCh_Bat,0.0006526626872345858
Bd_FracCh_Bat,Z03_RH,0.0006504414181538684
Bd_FracCh_Bat,P2_T_Tank,0.0006053459472819554
Bd_FracCh_Bat,Bd_T_HP_supply,0.0004975832018551074
Bd_FracCh_Bat,Fa_E_HVAC,0.00047623009854884157
Bd_FracCh_Bat,-Z02_RH,0.000389043989955859
Bd_FracCh_Bat,-P1_T_Tank_sp_out,0.00036495632332792953
Bd_FracCh_Bat,-Z06_RH,0.0003595957152738572
Bd_FracCh_Bat,-P2_T_Tank_sp_out,0.00033119202031362997
Bd_FracCh_Bat,-Bd_Pw_Bat_sp_out,0.00032866644188645963
Bd_FracCh_Bat,Z08_RH,0.0001886001211063883
Bd_FracCh_Bat,-Z06_E_Appl,0.0
Bd_FracCh_Bat,-Z08_E_Appl,0.0
Bd_FracCh_Bat,-Z04_E_Appl,0.0
Bd_FracCh_Bat,Bd_Ch_EVBat_sp_out,0.0
Bd_FracCh_Bat,-Z02_E_Appl,0.0
Bd_FracCh_Bat,-Fa_Stat_EV,0.0
Bd_FracCh_Bat,-Fa_EDCh_EVBat,0.0
Bd_FracCh_Bat,-Fa_ECh_EVBat,0.0
Bd_FracCh_Bat,-Bd_Frac_Vent_sp_out,0.0
Bd_FracCh_Bat,-Bd_FracCh_EVBat,0.0
Bd_FracCh_Bat,Z08_E_Appl,0.0
Bd_FracCh_Bat,Z06_E_Appl,0.0
Bd_FracCh_Bat,Z04_E_Appl,0.0
Bd_FracCh_Bat,Z02_E_Appl,0.0
Bd_FracCh_Bat,Fa_Stat_EV,0.0
Bd_FracCh_Bat,Fa_EDCh_EVBat,0.0
Bd_FracCh_Bat,Fa_ECh_EVBat,0.0
Bd_FracCh_Bat,Bd_Frac_Vent_sp_out,0.0
Bd_FracCh_Bat,Bd_FracCh_EVBat,0.0
Bd_FracCh_Bat,-Bd_Ch_EVBat_sp_out,0.0
Fa_Pw_Prod,time,0.059445353384628745
Fa_Pw_Prod,Ext_P,0.04044765707423594
Fa_Pw_Prod,-Ext_P,0.03837102931277641
Fa_Pw_Prod,-P1_T_Tank,0.021372347508791
Fa_Pw_Prod,Z06_RH,0.0204054922902796
Fa_Pw_Prod,P4_T_Tank_sp_out,0.019256581267119502
Fa_Pw_Prod,Z08_RH,0.017832884763685688
Fa_Pw_Prod,Bd_FracCh_Bat,0.01754574417693211
Fa_Pw_Prod,-Z07_T,0.017237280989209826
Fa_Pw_Prod,-Bd_Fl_HP,0.016101386989992552
Fa_Pw_Prod,Fa_Pw_Prod,0.015552772155347748
Fa_Pw_Prod,-Z08_RH,0.015480241119014556
Fa_Pw_Prod,-Z04_RH,0.015428906472119558
Fa_Pw_Prod,-time,0.015294168093716143
Fa_Pw_Prod,Bd_Fl_HP,0.015093183254830396
Fa_Pw_Prod,-Z04_T,0.014926563221145514
Fa_Pw_Prod,P4_T_Tank,0.01441029334289953
Fa_Pw_Prod,Fa_E_Appl,0.014383518159415194
Fa_Pw_Prod,P1_T_Tank,0.014132372148618089
Fa_Pw_Prod,-P2_T_Tank_sp_out,0.013725530770911184
Fa_Pw_Prod,-P2_T_Thermostat_sp_out,0.013463609579953111
Fa_Pw_Prod,-Bd_T_HP_supply,0.013220310758575065
Fa_Pw_Prod,-Fa_ECh_Bat,0.013120191502656536
Fa_Pw_Prod,Bd_T_HP_supply,0.013024610200892179
Fa_Pw_Prod,Fa_EDCh_Bat,0.012972796107797557
Fa_Pw_Prod,-Z02_RH,0.012954398854373708
Fa_Pw_Prod,P2_FlFrac_HW,0.011784868838129117
Fa_Pw_Prod,-HVAC_Pw_HP,0.011743801417501781
Fa_Pw_Prod,HVAC_Pw_HP,0.011714853306825177
Fa_Pw_Prod,Z04_RH,0.011580923331958797
Fa_Pw_Prod,Fa_Pw_All,0.011277360189001983
Fa_Pw_Prod,-P1_T_Thermostat_sp_out,0.011098878610794258
Fa_Pw_Prod,Z07_T,0.010836042062273076
Fa_Pw_Prod,-Bd_Pw_Bat_sp_out,0.010436553900410848
Fa_Pw_Prod,-Fa_Pw_All,0.010261213628372411
Fa_Pw_Prod,-Z01_T,0.009746242016670402
Fa_Pw_Prod,Ext_T,0.009491432158183826
Fa_Pw_Prod,-Fa_E_self,0.009091921012169216
Fa_Pw_Prod,Fa_ECh_Bat,0.008466992551450944
Fa_Pw_Prod,P2_T_Tank,0.008309981214066314
Fa_Pw_Prod,Bd_T_HP_sp_out,0.008211499146213306
Fa_Pw_Prod,Ext_Irr,0.00779831968370549
Fa_Pw_Prod,P1_T_Thermostat_sp_out,0.007717637002472067
Fa_Pw_Prod,P3_T_Thermostat_sp_out,0.007711970584951774
Fa_Pw_Prod,-Ext_RH,0.007692444668382032
Fa_Pw_Prod,P3_T_Tank_sp_out,0.007663020885105858
Fa_Pw_Prod,-Z01_E_Appl,0.007450635156780683
Fa_Pw_Prod,-P4_FlFrac_HW,0.007447324423933797
Fa_Pw_Prod,Ext_RH,0.007356455029729935
Fa_Pw_Prod,P4_T_Thermostat_sp_out,0.007129113877396442
Fa_Pw_Prod,Z01_T,0.00706713676662963
Fa_Pw_Prod,-Z07_RH,0.0069116559506050635
Fa_Pw_Prod,-Bd_FracCh_Bat,0.006701225413437445
Fa_Pw_Prod,Fa_E_HVAC,0.006260054563271826
Fa_Pw_Prod,P2_T_Thermostat_sp_out,0.005980093645771043
Fa_Pw_Prod,-P4_T_Tank,0.005967915612671096
Fa_Pw_Prod,-Z03_T,0.0055151607642363355
Fa_Pw_Prod,-Fa_E_Appl,0.004895809700695019
Fa_Pw_Prod,Bd_T_HP_return,0.004743984261411857
Fa_Pw_Prod,P3_T_Tank,0.004728132841236954
Fa_Pw_Prod,Fa_E_All,0.004630186967666453
Fa_Pw_Prod,Z05_E_Appl,0.004609424577966316
Fa_Pw_Prod,P1_T_Tank_sp_out,0.0043925484082175895
Fa_Pw_Prod,-P3_T_Tank,0.00404955700571106
Fa_Pw_Prod,P2_T_Tank_sp_out,0.004023573731078388
Fa_Pw_Prod,-P4_T_Thermostat_sp_out,0.003931118125305528
Fa_Pw_Prod,Z05_T,0.00386620526609978
Fa_Pw_Prod,-Z05_E_Appl,0.003577622284998219
Fa_Pw_Prod,-P1_T_Tank_sp_out,0.0035418422476415955
Fa_Pw_Prod,P1_FlFrac_HW,0.003525773028643593
Fa_Pw_Prod,-Z07_E_Appl,0.003322807593568595
Fa_Pw_Prod,-HVAC_onoff_HP,0.0031983198831127993
Fa_Pw_Prod,Z02_RH,0.0031759704523227363
Fa_Pw_Prod,-P1_FlFrac_HW,0.0031687344545952454
Fa_Pw_Prod,-Bd_E_HW,0.0031373589150044613
Fa_Pw_Prod,-Z03_E_Appl,0.003129399615851662
Fa_Pw_Prod,-Fa_E_Light,0.0031021405729377504
Fa_Pw_Prod,-Z06_RH,0.0030827509800275877
Fa_Pw_Prod,-P3_FlFrac_HW,0.002915446897963655
Fa_Pw_Prod,Fa_E_Light,0.002877480892347585
Fa_Pw_Prod,-P2_T_Tank,0.0028225927872214227
Fa_Pw_Prod,-Bd_DisCh_EVBat,0.0026819598433634496
Fa_Pw_Prod,Z03_RH,0.0026595420028111276
Fa_Pw_Prod,Bd_DisCh_EVBat,0.002648283620637008
Fa_Pw_Prod,Z01_RH,0.0025928987018342415
Fa_Pw_Prod,Z07_RH,0.0025896871832748834
Fa_Pw_Prod,-Z06_T,0.002513099246585214
Fa_Pw_Prod,-Fa_E_All,0.0024102637127179664
Fa_Pw_Prod,Z04_T,0.0022047310749103493
Fa_Pw_Prod,Z05_RH,0.0021341777165431834
Fa_Pw_Prod,-Z01_RH,0.0020278958883354977
Fa_Pw_Prod,HVAC_onoff_HP,0.0020175173178452114
Fa_Pw_Prod,Z08_T,0.0019472121158064595
Fa_Pw_Prod,Z02_T,0.0017821384970569231
Fa_Pw_Prod,-Z02_T,0.0017782839065530426
Fa_Pw_Prod,Z06_T,0.001564257748193917
Fa_Pw_Prod,-P2_FlFrac_HW,0.0014946404291395782
Fa_Pw_Prod,Bd_E_HW,0.0014367049341373103
Fa_Pw_Prod,-Z05_RH,0.0013217779051007568
Fa_Pw_Prod,Z03_T,0.0011928436676263863
Fa_Pw_Prod,Bd_Pw_Bat_sp_out,0.0011546113800145917
Fa_Pw_Prod,Z07_E_Appl,0.0011472646197838254
Fa_Pw_Prod,-Z03_RH,0.0011282026718612173
Fa_Pw_Prod,-P3_T_Tank_sp_out,0.0010511995753855374
Fa_Pw_Prod,P3_FlFrac_HW,0.001036409819776155
Fa_Pw_Prod,Z03_E_Appl,0.0009873214338002867
Fa_Pw_Prod,-Fa_Pw_Prod,0.0009855969198995214
Fa_Pw_Prod,-P4_T_Tank_sp_out,0.0009206613806891113
Fa_Pw_Prod,-Z08_T,0.0009190804269611931
Fa_Pw_Prod,-Ext_T,0.0008963160308001285
Fa_Pw_Prod,P4_FlFrac_HW,0.0008507352685092245
Fa_Pw_Prod,-P3_T_Thermostat_sp_out,0.000819572256453057
Fa_Pw_Prod,-Bd_T_HP_return,0.0008126343855762216
Fa_Pw_Prod,-Bd_T_HP_sp_out,0.0008081109642914839
Fa_Pw_Prod,Z01_E_Appl,0.0008044881369211296
Fa_Pw_Prod,-Fa_E_HVAC,0.0005980179134088459
Fa_Pw_Prod,-Ext_Irr,0.0005064433664177432
Fa_Pw_Prod,-Fa_EDCh_Bat,0.0004609944592422417
Fa_Pw_Prod,Fa_E_self,0.0003895265350079466
Fa_Pw_Prod,-Z05_T,0.0003417606976432488
Fa_Pw_Prod,-Z06_E_Appl,0.0
Fa_Pw_Prod,-Z04_E_Appl,0.0
Fa_Pw_Prod,-Z08_E_Appl,0.0
Fa_Pw_Prod,Bd_Ch_EVBat_sp_out,0.0
Fa_Pw_Prod,-Z02_E_Appl,0.0
Fa_Pw_Prod,-Fa_Stat_EV,0.0
Fa_Pw_Prod,-Fa_EDCh_EVBat,0.0
Fa_Pw_Prod,-Fa_ECh_EVBat,0.0
Fa_Pw_Prod,-Bd_Frac_Vent_sp_out,0.0
Fa_Pw_Prod,-Bd_FracCh_EVBat,0.0
Fa_Pw_Prod,Z08_E_Appl,0.0
Fa_Pw_Prod,Z06_E_Appl,0.0
Fa_Pw_Prod,Z04_E_Appl,0.0
Fa_Pw_Prod,Z02_E_Appl,0.0
Fa_Pw_Prod,Fa_Stat_EV,0.0
Fa_Pw_Prod,Fa_EDCh_EVBat,0.0
Fa_Pw_Prod,Fa_ECh_EVBat,0.0
Fa_Pw_Prod,Bd_Frac_Vent_sp_out,0.0
Fa_Pw_Prod,Bd_FracCh_EVBat,0.0
Fa_Pw_Prod,-Bd_Ch_EVBat_sp_out,0.0
Fa_E_All,time,0.030815482099100473
Fa_E_All,HVAC_Pw_HP,0.028035470646832785
Fa_E_All,P2_T_Thermostat_sp_out,0.019924662062323177
Fa_E_All,Fa_Pw_All,0.017977499035207154
Fa_E_All,-P4_T_Tank,0.017731576051314278
Fa_E_All,Z01_T,0.017407140369482647
Fa_E_All,P4_T_Tank,0.01685901000180737
Fa_E_All,Z05_E_Appl,0.016530048755609178
Fa_E_All,-Bd_T_HP_return,0.015394000767923105
Fa_E_All,Bd_T_HP_supply,0.015244834066384652
Fa_E_All,Bd_Fl_HP,0.01520949240181912
Fa_E_All,-Z06_RH,0.015036120777650862
Fa_E_All,P1_T_Tank_sp_out,0.01501649746452805
Fa_E_All,-P2_T_Tank_sp_out,0.01443054486434553
Fa_E_All,Z07_RH,0.014234693546795301
Fa_E_All,-P1_T_Tank,0.014220825116188046
Fa_E_All,-Ext_P,0.014106414997608454
Fa_E_All,-Z03_T,0.013470161141428346
Fa_E_All,Fa_E_HVAC,0.013041920258147974
Fa_E_All,Z04_T,0.012840693795059002
Fa_E_All,Bd_DisCh_EVBat,0.012687074855691097
Fa_E_All,-P4_T_Tank_sp_out,0.012652924584085195
Fa_E_All,-Z08_T,0.012583680224074613
Fa_E_All,-Z03_RH,0.012261714633940171
Fa_E_All,Z02_RH,0.01160239932292983
Fa_E_All,-P2_FlFrac_HW,0.011326778034788916
Fa_E_All,-Z06_T,0.011306123197515117
Fa_E_All,-Z05_RH,0.01122604406830376
Fa_E_All,Bd_T_HP_sp_out,0.010875515366338812
Fa_E_All,-Fa_E_All,0.010785939812447713
Fa_E_All,Z01_E_Appl,0.010756967921118982
Fa_E_All,P2_T_Tank,0.010664469791339698
Fa_E_All,-time,0.010044911571162083
Fa_E_All,P2_FlFrac_HW,0.010044886902555237
Fa_E_All,-Z04_T,0.009968514519316764
Fa_E_All,-Fa_Pw_Prod,0.009912001728318718
Fa_E_All,-Z05_T,0.009636395460109647
Fa_E_All,HVAC_onoff_HP,0.009127744086764153
Fa_E_All,Z05_RH,0.00870279903096849
Fa_E_All,Fa_Pw_Prod,0.00847299697840686
Fa_E_All,Fa_E_Light,0.008412154505733295
Fa_E_All,Z03_T,0.008153183798915506
Fa_E_All,-P3_T_Tank_sp_out,0.00748051661834108
Fa_E_All,Z05_T,0.007223809421620095
Fa_E_All,Z06_T,0.006695965422682715
Fa_E_All,-Fa_E_Appl,0.006649853761283984
Fa_E_All,-Fa_EDCh_Bat,0.006635440008378266
Fa_E_All,-P2_T_Tank,0.006543148456085788
Fa_E_All,Z01_RH,0.006267123144568635
Fa_E_All,-P1_T_Thermostat_sp_out,0.005949967451974942
Fa_E_All,Bd_E_HW,0.005710183760982785
Fa_E_All,-HVAC_onoff_HP,0.00564053682562228
Fa_E_All,-Bd_E_HW,0.005577639664127616
Fa_E_All,-Z02_RH,0.00556608601770249
Fa_E_All,P3_T_Tank_sp_out,0.005383155443103098
Fa_E_All,Ext_RH,0.005302710540005277
Fa_E_All,-Z02_T,0.005224334526424599
Fa_E_All,-Fa_ECh_Bat,0.005196163298802263
Fa_E_All,Fa_ECh_Bat,0.005050388902461859
Fa_E_All,-P3_FlFrac_HW,0.004648025567645609
Fa_E_All,Fa_EDCh_Bat,0.004287835624921954
Fa_E_All,-Z01_T,0.00415740169582993
Fa_E_All,P3_T_Tank,0.004111477147670677
Fa_E_All,-Fa_E_Light,0.0038361849765539227
Fa_E_All,Ext_T,0.0034640285354441097
Fa_E_All,-Ext_RH,0.003386265317087142
Fa_E_All,Bd_T_HP_return,0.003341706168678382
Fa_E_All,-Bd_FracCh_Bat,0.00326376919517764
Fa_E_All,P2_T_Tank_sp_out,0.0031020252385823128
Fa_E_All,-Ext_Irr,0.003058629677891633
Fa_E_All,-Bd_Pw_Bat_sp_out,0.003036313586712844
Fa_E_All,Fa_E_self,0.002992722338665266
Fa_E_All,Bd_Pw_Bat_sp_out,0.0028436022176073265
Fa_E_All,-Z01_E_Appl,0.002825423853565222
Fa_E_All,Z08_T,0.002727638350936499
Fa_E_All,P1_FlFrac_HW,0.0027054036071194614
Fa_E_All,-Bd_DisCh_EVBat,0.0026564092945200314
Fa_E_All,Ext_Irr,0.00262639095568925
Fa_E_All,-Z05_E_Appl,0.0025646903074019287
Fa_E_All,Z03_RH,0.002560676001178333
Fa_E_All,P4_T_Tank_sp_out,0.002373910202143218
Fa_E_All,P3_FlFrac_HW,0.0023725150844968114
Fa_E_All,-Fa_E_HVAC,0.002364077132682239
Fa_E_All,-Z03_E_Appl,0.002329107377752885
Fa_E_All,Z02_T,0.002305778543544904
Fa_E_All,-Z07_E_Appl,0.002297524038112944
Fa_E_All,P4_FlFrac_HW,0.0022970230767474383
Fa_E_All,P1_T_Thermostat_sp_out,0.0022603115800698833
Fa_E_All,P4_T_Thermostat_sp_out,0.0022462131356318377
Fa_E_All,P1_T_Tank,0.002227568253460415
Fa_E_All,P3_T_Thermostat_sp_out,0.0021314554269505847
Fa_E_All,Ext_P,0.0020888193016797233
Fa_E_All,Z04_RH,0.0016324564548006793
Fa_E_All,-Fa_E_self,0.0016116014419557331
Fa_E_All,-Ext_T,0.001460759517507579
Fa_E_All,Z07_E_Appl,0.0014324315791619867
Fa_E_All,Z07_T,0.001197992496630636
Fa_E_All,-Z07_T,0.0011766185109389135
Fa_E_All,-P4_FlFrac_HW,0.0010021402003383198
Fa_E_All,-P3_T_Thermostat_sp_out,0.0008972111966243574
Fa_E_All,Fa_E_Appl,0.0008595504754788428
Fa_E_All,-Z01_RH,0.0006769466911168919
Fa_E_All,-Bd_T_HP_sp_out,0.0006711469978118714
Fa_E_All,-Z08_RH,0.0006490713368107266
Fa_E_All,Bd_FracCh_Bat,0.0006463553034719859
Fa_E_All,-P4_T_Thermostat_sp_out,0.000491155851541853
Fa_E_All,Fa_E_All,0.00048208512236852313
Fa_E_All,-P2_T_Thermostat_sp_out,0.00047919240314253723
Fa_E_All,-HVAC_Pw_HP,0.00047544992464132696
Fa_E_All,-Bd_Fl_HP,0.00045841256608158536
Fa_E_All,Z03_E_Appl,0.00044396981353785156
Fa_E_All,-Z04_RH,0.00042169411794014237
Fa_E_All,-P1_T_Tank_sp_out,0.00041214450863491265
Fa_E_All,-Z07_RH,0.00041022910078296294
Fa_E_All,-P3_T_Tank,0.00031080477698601554
Fa_E_All,Z06_RH,0.00027772595590965925
Fa_E_All,-Fa_Pw_All,0.00026761906805256144
Fa_E_All,-Bd_T_HP_supply,0.0002662719608087615
Fa_E_All,Z08_RH,0.0002220587602886666
Fa_E_All,-P1_FlFrac_HW,0.00020554926869210846
Fa_E_All,-Z06_E_Appl,0.0
Fa_E_All,-Z04_E_Appl,0.0
Fa_E_All,-Z08_E_Appl,0.0
Fa_E_All,Bd_Ch_EVBat_sp_out,0.0
Fa_E_All,-Z02_E_Appl,0.0
Fa_E_All,-Fa_Stat_EV,0.0
Fa_E_All,-Fa_EDCh_EVBat,0.0
Fa_E_All,-Fa_ECh_EVBat,0.0
Fa_E_All,-Bd_Frac_Vent_sp_out,0.0
Fa_E_All,-Bd_FracCh_EVBat,0.0
Fa_E_All,Z08_E_Appl,0.0
Fa_E_All,Z06_E_Appl,0.0
Fa_E_All,Z04_E_Appl,0.0
Fa_E_All,Z02_E_Appl,0.0
Fa_E_All,Fa_Stat_EV,0.0
Fa_E_All,Fa_EDCh_EVBat,0.0
Fa_E_All,Fa_ECh_EVBat,0.0
Fa_E_All,Bd_Frac_Vent_sp_out,0.0
Fa_E_All,Bd_FracCh_EVBat,0.0
Fa_E_All,-Bd_Ch_EVBat_sp_out,0.0
Fa_E_HVAC,Bd_Fl_HP,0.032954558892806185
Fa_E_HVAC,Fa_Pw_All,0.020396529769549802
Fa_E_HVAC,time,0.018071755363297914
Fa_E_HVAC,-Z03_T,0.016326677546007376
Fa_E_HVAC,-Z01_T,0.01621391047127647
Fa_E_HVAC,HVAC_Pw_HP,0.016082044180582344
Fa_E_HVAC,HVAC_onoff_HP,0.015741790669865852
Fa_E_HVAC,Z08_T,0.015616449056574725
Fa_E_HVAC,-Z07_RH,0.01497585792029069
Fa_E_HVAC,Z04_RH,0.014209761001731585
Fa_E_HVAC,-Z05_RH,0.013977024749848419
Fa_E_HVAC,Z01_T,0.013813740062816637
Fa_E_HVAC,-Z05_E_Appl,0.013798109825396213
Fa_E_HVAC,-P2_T_Thermostat_sp_out,0.012681385098034601
Fa_E_HVAC,P2_T_Tank_sp_out,0.012415525247911018
Fa_E_HVAC,Z05_RH,0.011845371004677701
Fa_E_HVAC,-P1_T_Thermostat_sp_out,0.01077794003669062
Fa_E_HVAC,-Z04_T,0.010608082576821637
Fa_E_HVAC,-HVAC_onoff_HP,0.010221793376306555
Fa_E_HVAC,P4_FlFrac_HW,0.010111778089083574
Fa_E_HVAC,Z01_E_Appl,0.00996189580275848
Fa_E_HVAC,-Bd_Pw_Bat_sp_out,0.009642151320298756
Fa_E_HVAC,Ext_RH,0.009345932614690801
Fa_E_HVAC,P4_T_Tank_sp_out,0.009075359346666197
Fa_E_HVAC,-Ext_P,0.008393937385849313
Fa_E_HVAC,-Ext_RH,0.007706320437465839
Fa_E_HVAC,Z03_E_Appl,0.0070121978361757445
Fa_E_HVAC,Z05_E_Appl,0.006997541466413507
Fa_E_HVAC,-time,0.006959338595996633
Fa_E_HVAC,-Bd_T_HP_return,0.0068324692580600515
Fa_E_HVAC,Z07_RH,0.006719112414951667
Fa_E_HVAC,-Z05_T,0.006379505971225336
Fa_E_HVAC,Z05_T,0.006231364423334196
Fa_E_HVAC,Bd_T_HP_supply,0.006210307333820721
Fa_E_HVAC,Bd_T_HP_return,0.006101439921715215
Fa_E_HVAC,-Bd_E_HW,0.006030125512826277
Fa_E_HVAC,Fa_Pw_Prod,0.0060290329100300515
Fa_E_HVAC,Bd_E_HW,0.00585664884585345
Fa_E_HVAC,-P3_FlFrac_HW,0.0056433667735285315
Fa_E_HVAC,Z06_T,0.005451713516174748
Fa_E_HVAC,-P2_T_Tank,0.0051529914945247285
Fa_E_HVAC,-Z03_E_Appl,0.004994101740485016
Fa_E_HVAC,-P3_T_Thermostat_sp_out,0.004984106896862812
Fa_E_HVAC,Fa_E_Light,0.004713843916877477
Fa_E_HVAC,-Bd_FracCh_Bat,0.0046917721357334205
Fa_E_HVAC,-Fa_Pw_Prod,0.004512334927017104
Fa_E_HVAC,-Z01_E_Appl,0.004359898004480023
Fa_E_HVAC,P2_T_Thermostat_sp_out,0.0043511112728084325
Fa_E_HVAC,P4_T_Thermostat_sp_out,0.004062013108498887
Fa_E_HVAC,-Fa_EDCh_Bat,0.004016052133928062
Fa_E_HVAC,P1_T_Thermostat_sp_out,0.004000412003183065
Fa_E_HVAC,P3_T_Thermostat_sp_out,0.003743045039549651
Fa_E_HVAC,-Fa_E_Appl,0.0036801102683971694
Fa_E_HVAC,-Fa_E_Light,0.0035107786036426914
Fa_E_HVAC,-P2_FlFrac_HW,0.003418198880036298
Fa_E_HVAC,-Z07_E_Appl,0.0033975078342454155
Fa_E_HVAC,Bd_T_HP_sp_out,0.0032650939294631746
Fa_E_HVAC,-P4_FlFrac_HW,0.0032512531407304984
Fa_E_HVAC,-P1_T_Tank,0.003065953550125124
Fa_E_HVAC,P1_FlFrac_HW,0.002885435818262053
Fa_E_HVAC,-P4_T_Tank,0.0028151620340669853
Fa_E_HVAC,-Bd_DisCh_EVBat,0.002756981821919621
Fa_E_HVAC,Bd_DisCh_EVBat,0.0026920887259599497
Fa_E_HVAC,-Z02_RH,0.0026770070317257595
Fa_E_HVAC,Fa_E_HVAC,0.002673918485660914
Fa_E_HVAC,-Z08_T,0.0026433171946371138
Fa_E_HVAC,P3_T_Tank,0.002443180437545857
Fa_E_HVAC,-Z07_T,0.002432095913069352
Fa_E_HVAC,-Z08_RH,0.002416970276426256
Fa_E_HVAC,Fa_E_self,0.002396267298776799
Fa_E_HVAC,P2_T_Tank,0.0020396760639065695
Fa_E_HVAC,-P4_T_Tank_sp_out,0.0020260717695476573
Fa_E_HVAC,Ext_P,0.001986826945775465
Fa_E_HVAC,P1_T_Tank_sp_out,0.0019438367835082524
Fa_E_HVAC,Fa_ECh_Bat,0.0018621492723754174
Fa_E_HVAC,P3_T_Tank_sp_out,0.0018579842045518542
Fa_E_HVAC,-P3_T_Tank_sp_out,0.0018499559392248833
Fa_E_HVAC,Fa_E_All,0.0018456072489590625
Fa_E_HVAC,-Ext_T,0.0017839113202257225
Fa_E_HVAC,-Fa_E_All,0.0016894334103778185
Fa_E_HVAC,-Fa_ECh_Bat,0.001651450310848946
Fa_E_HVAC,-P2_T_Tank_sp_out,0.0016486405236448291
Fa_E_HVAC,-Z06_T,0.0016448431970392374
Fa_E_HVAC,-P1_T_Tank_sp_out,0.0015919328137322622
Fa_E_HVAC,Z04_T,0.0015410087151475286
Fa_E_HVAC,Fa_EDCh_Bat,0.0015221203920286655
Fa_E_HVAC,-Z06_RH,0.0015009764377193477
Fa_E_HVAC,Z03_RH,0.0014721227234255388
Fa_E_HVAC,Z02_T,0.0014383084755913817
Fa_E_HVAC,-Fa_E_HVAC,0.0014077843201991606
Fa_E_HVAC,Ext_T,0.00140067847248319
Fa_E_HVAC,Z01_RH,0.0012655221600762605
Fa_E_HVAC,-Z02_T,0.0012035406420216244
Fa_E_HVAC,Z02_RH,0.0011730280826397462
Fa_E_HVAC,-Fa_E_self,0.0011445968987337245
Fa_E_HVAC,Z07_T,0.0011346492386537798
Fa_E_HVAC,Z03_T,0.0010941066137984223
Fa_E_HVAC,-Ext_Irr,0.001061792847360131
Fa_E_HVAC,P1_T_Tank,0.0010214740454826405
Fa_E_HVAC,-Z03_RH,0.001009413291070229
Fa_E_HVAC,P4_T_Tank,0.0007673295705689512
Fa_E_HVAC,Fa_E_Appl,0.0007041834178277872
Fa_E_HVAC,Bd_FracCh_Bat,0.0007035089625986202
Fa_E_HVAC,P3_FlFrac_HW,0.0006907350141672637
Fa_E_HVAC,-Z01_RH,0.0006134766096817269
Fa_E_HVAC,-Z04_RH,0.00044625833525831525
Fa_E_HVAC,P2_FlFrac_HW,0.00040859944093085405
Fa_E_HVAC,-HVAC_Pw_HP,0.00039180647310307817
Fa_E_HVAC,-Bd_Fl_HP,0.0003778209184953533
Fa_E_HVAC,Bd_Pw_Bat_sp_out,0.00034339663643883115
Fa_E_HVAC,Ext_Irr,0.00032242826555722176
Fa_E_HVAC,Z08_RH,0.00032100155860340476
Fa_E_HVAC,-Bd_T_HP_sp_out,0.0003182449853490823
Fa_E_HVAC,-P3_T_Tank,0.00028428356812700386
Fa_E_HVAC,-P4_T_Thermostat_sp_out,0.00028415912388579976
Fa_E_HVAC,Z07_E_Appl,0.00027046899321905984
Fa_E_HVAC,Z06_RH,0.00026951481859321594
Fa_E_HVAC,-P1_FlFrac_HW,0.00025318336064562814
Fa_E_HVAC,-Bd_T_HP_supply,0.0002460901384585867
Fa_E_HVAC,-Fa_Pw_All,0.0001679344630614393
Fa_E_HVAC,-Z08_E_Appl,0.0
Fa_E_HVAC,-Z04_E_Appl,0.0
Fa_E_HVAC,-Z06_E_Appl,0.0
Fa_E_HVAC,Bd_Ch_EVBat_sp_out,0.0
Fa_E_HVAC,-Z02_E_Appl,0.0
Fa_E_HVAC,-Fa_Stat_EV,0.0
Fa_E_HVAC,-Fa_EDCh_EVBat,0.0
Fa_E_HVAC,-Fa_ECh_EVBat,0.0
Fa_E_HVAC,-Bd_Frac_Vent_sp_out,0.0
Fa_E_HVAC,-Bd_FracCh_EVBat,0.0
Fa_E_HVAC,Z08_E_Appl,0.0
Fa_E_HVAC,Z06_E_Appl,0.0
Fa_E_HVAC,Z04_E_Appl,0.0
Fa_E_HVAC,Z02_E_Appl,0.0
Fa_E_HVAC,Fa_Stat_EV,0.0
Fa_E_HVAC,Fa_EDCh_EVBat,0.0
Fa_E_HVAC,Fa_ECh_EVBat,0.0
Fa_E_HVAC,Bd_Frac_Vent_sp_out,0.0
Fa_E_HVAC,Bd_FracCh_EVBat,0.0
Fa_E_HVAC,-Bd_Ch_EVBat_sp_out,0.0
